This is pdfTeX, Version 3.141592653-2.6-1.40.26 (TeX Live 2025/dev/Debian) (preloaded format=pdflatex 2025.4.14)  27 APR 2025 13:42
entering extended mode
 restricted \write18 enabled.
 file:line:error style messages enabled.
 %&-line parsing enabled.
**Demo_Inria_light169.tex
(./Demo_Inria_light169.tex
LaTeX2e <2024-06-01> patch level 2
L3 programming layer <2024-05-27>
\c@levelstanda=\count194
(/usr/share/texlive/texmf-dist/tex/latex/beamer/beamer.cls
Document Class: beamer 2024/01/06 v3.71 A class for typesetting presentations
(/usr/share/texlive/texmf-dist/tex/latex/beamer/beamerbasemodes.sty
(/usr/share/texlive/texmf-dist/tex/latex/etoolbox/etoolbox.sty
Package: etoolbox 2020/10/05 v2.5k e-TeX tools for LaTeX (JAW)
\etb@tempcnta=\count195
)
\beamer@tempbox=\box52
\beamer@tempcount=\count196
\c@beamerpauses=\count197

(/usr/share/texlive/texmf-dist/tex/latex/beamer/beamerbasedecode.sty
\beamer@slideinframe=\count198
\beamer@minimum=\count199
\beamer@decode@box=\box53
)
\beamer@commentbox=\box54
\beamer@modecount=\count266
)
(/usr/share/texlive/texmf-dist/tex/generic/iftex/iftex.sty
Package: iftex 2022/02/03 v1.0f TeX engine tests
)
\headdp=\dimen141
\footheight=\dimen142
\sidebarheight=\dimen143
\beamer@tempdim=\dimen144
\beamer@finalheight=\dimen145
\beamer@animht=\dimen146
\beamer@animdp=\dimen147
\beamer@animwd=\dimen148
\beamer@leftmargin=\dimen149
\beamer@rightmargin=\dimen150
\beamer@leftsidebar=\dimen151
\beamer@rightsidebar=\dimen152
\beamer@boxsize=\dimen153
\beamer@vboxoffset=\dimen154
\beamer@descdefault=\dimen155
\beamer@descriptionwidth=\dimen156
\beamer@lastskip=\skip49
\beamer@areabox=\box55
\beamer@animcurrent=\box56
\beamer@animshowbox=\box57
\beamer@sectionbox=\box58
\beamer@logobox=\box59
\beamer@linebox=\box60
\beamer@sectioncount=\count267
\beamer@subsubsectionmax=\count268
\beamer@subsectionmax=\count269
\beamer@sectionmax=\count270
\beamer@totalheads=\count271
\beamer@headcounter=\count272
\beamer@partstartpage=\count273
\beamer@sectionstartpage=\count274
\beamer@subsectionstartpage=\count275
\beamer@animationtempa=\count276
\beamer@animationtempb=\count277
\beamer@xpos=\count278
\beamer@ypos=\count279
\beamer@ypos@offset=\count280
\beamer@showpartnumber=\count281
\beamer@currentsubsection=\count282
\beamer@coveringdepth=\count283
\beamer@sectionadjust=\count284
\beamer@toclastsection=\count285
\beamer@tocsectionnumber=\count286

(/usr/share/texlive/texmf-dist/tex/latex/beamer/beamerbaseoptions.sty
(/usr/share/texlive/texmf-dist/tex/latex/graphics/keyval.sty
Package: keyval 2022/05/29 v1.15 key=value parser (DPC)
\KV@toks@=\toks17
))
\beamer@paperwidth=\skip50
\beamer@paperheight=\skip51

(/usr/share/texlive/texmf-dist/tex/latex/geometry/geometry.sty
Package: geometry 2020/01/02 v5.9 Page Geometry

(/usr/share/texlive/texmf-dist/tex/generic/iftex/ifvtex.sty
Package: ifvtex 2019/10/25 v1.7 ifvtex legacy package. Use iftex instead.
)
\Gm@cnth=\count287
\Gm@cntv=\count288
\c@Gm@tempcnt=\count289
\Gm@bindingoffset=\dimen157
\Gm@wd@mp=\dimen158
\Gm@odd@mp=\dimen159
\Gm@even@mp=\dimen160
\Gm@layoutwidth=\dimen161
\Gm@layoutheight=\dimen162
\Gm@layouthoffset=\dimen163
\Gm@layoutvoffset=\dimen164
\Gm@dimlist=\toks18
)
(/usr/share/texlive/texmf-dist/tex/latex/pgf/math/pgfmath.sty
(/usr/share/texlive/texmf-dist/tex/latex/pgf/utilities/pgfrcs.sty
(/usr/share/texlive/texmf-dist/tex/generic/pgf/utilities/pgfutil-common.tex
\pgfutil@everybye=\toks19
\pgfutil@tempdima=\dimen165
\pgfutil@tempdimb=\dimen166
)
(/usr/share/texlive/texmf-dist/tex/generic/pgf/utilities/pgfutil-latex.def
\pgfutil@abb=\box61
)
(/usr/share/texlive/texmf-dist/tex/generic/pgf/utilities/pgfrcs.code.tex
(/usr/share/texlive/texmf-dist/tex/generic/pgf/pgf.revision.tex)
Package: pgfrcs 2023-01-15 v3.1.10 (3.1.10)
))
(/usr/share/texlive/texmf-dist/tex/latex/pgf/utilities/pgfkeys.sty
(/usr/share/texlive/texmf-dist/tex/generic/pgf/utilities/pgfkeys.code.tex
\pgfkeys@pathtoks=\toks20
\pgfkeys@temptoks=\toks21

(/usr/share/texlive/texmf-dist/tex/generic/pgf/utilities/pgfkeyslibraryfiltered
.code.tex
\pgfkeys@tmptoks=\toks22
)))
(/usr/share/texlive/texmf-dist/tex/generic/pgf/math/pgfmath.code.tex
(/usr/share/texlive/texmf-dist/tex/generic/pgf/math/pgfmathutil.code.tex
\pgf@x=\dimen167
\pgf@xa=\dimen168
\pgf@xb=\dimen169
\pgf@xc=\dimen170
\pgf@y=\dimen171
\pgf@ya=\dimen172
\pgf@yb=\dimen173
\pgf@yc=\dimen174
\c@pgf@counta=\count290
\c@pgf@countb=\count291
\c@pgf@countc=\count292
\c@pgf@countd=\count293
)
(/usr/share/texlive/texmf-dist/tex/generic/pgf/math/pgfmathparser.code.tex
\pgfmath@dimen=\dimen175
\pgfmath@count=\count294
\pgfmath@box=\box62
\pgfmath@toks=\toks23
\pgfmath@stack@operand=\toks24
\pgfmath@stack@operation=\toks25
)
(/usr/share/texlive/texmf-dist/tex/generic/pgf/math/pgfmathfunctions.code.tex)
(/usr/share/texlive/texmf-dist/tex/generic/pgf/math/pgfmathfunctions.basic.code
.tex)
(/usr/share/texlive/texmf-dist/tex/generic/pgf/math/pgfmathfunctions.trigonomet
ric.code.tex)
(/usr/share/texlive/texmf-dist/tex/generic/pgf/math/pgfmathfunctions.random.cod
e.tex)
(/usr/share/texlive/texmf-dist/tex/generic/pgf/math/pgfmathfunctions.comparison
.code.tex)
(/usr/share/texlive/texmf-dist/tex/generic/pgf/math/pgfmathfunctions.base.code.
tex)
(/usr/share/texlive/texmf-dist/tex/generic/pgf/math/pgfmathfunctions.round.code
.tex)
(/usr/share/texlive/texmf-dist/tex/generic/pgf/math/pgfmathfunctions.misc.code.
tex)
(/usr/share/texlive/texmf-dist/tex/generic/pgf/math/pgfmathfunctions.integerari
thmetics.code.tex)
(/usr/share/texlive/texmf-dist/tex/generic/pgf/math/pgfmathcalc.code.tex)
(/usr/share/texlive/texmf-dist/tex/generic/pgf/math/pgfmathfloat.code.tex
\c@pgfmathroundto@lastzeros=\count295
)))
(/usr/share/texlive/texmf-dist/tex/latex/base/size10.clo
File: size10.clo 2024/02/08 v1.4n Standard LaTeX file (size option)
)
(/usr/share/texlive/texmf-dist/tex/latex/pgf/basiclayer/pgfcore.sty
(/usr/share/texlive/texmf-dist/tex/latex/graphics/graphicx.sty
Package: graphicx 2021/09/16 v1.2d Enhanced LaTeX Graphics (DPC,SPQR)

(/usr/share/texlive/texmf-dist/tex/latex/graphics/graphics.sty
Package: graphics 2024/05/23 v1.4g Standard LaTeX Graphics (DPC,SPQR)

(/usr/share/texlive/texmf-dist/tex/latex/graphics/trig.sty
Package: trig 2023/12/02 v1.11 sin cos tan (DPC)
)
(/usr/share/texlive/texmf-dist/tex/latex/graphics-cfg/graphics.cfg
File: graphics.cfg 2016/06/04 v1.11 sample graphics configuration
)
Package graphics Info: Driver file: pdftex.def on input line 106.

(/usr/share/texlive/texmf-dist/tex/latex/graphics-def/pdftex.def
File: pdftex.def 2024/04/13 v1.2c Graphics/color driver for pdftex
))
\Gin@req@height=\dimen176
\Gin@req@width=\dimen177
)
(/usr/share/texlive/texmf-dist/tex/latex/pgf/systemlayer/pgfsys.sty
(/usr/share/texlive/texmf-dist/tex/generic/pgf/systemlayer/pgfsys.code.tex
Package: pgfsys 2023-01-15 v3.1.10 (3.1.10)
\pgf@x=\dimen178
\pgf@y=\dimen179
\pgf@xa=\dimen180
\pgf@ya=\dimen181
\pgf@xb=\dimen182
\pgf@yb=\dimen183
\pgf@xc=\dimen184
\pgf@yc=\dimen185
\pgf@xd=\dimen186
\pgf@yd=\dimen187
\w@pgf@writea=\write3
\r@pgf@reada=\read2
\c@pgf@counta=\count296
\c@pgf@countb=\count297
\c@pgf@countc=\count298
\c@pgf@countd=\count299
\t@pgf@toka=\toks26
\t@pgf@tokb=\toks27
\t@pgf@tokc=\toks28
\pgf@sys@id@count=\count300

(/usr/share/texlive/texmf-dist/tex/generic/pgf/systemlayer/pgf.cfg
File: pgf.cfg 2023-01-15 v3.1.10 (3.1.10)
)
Driver file for pgf: pgfsys-pdftex.def

(/usr/share/texlive/texmf-dist/tex/generic/pgf/systemlayer/pgfsys-pdftex.def
File: pgfsys-pdftex.def 2023-01-15 v3.1.10 (3.1.10)

(/usr/share/texlive/texmf-dist/tex/generic/pgf/systemlayer/pgfsys-common-pdf.de
f
File: pgfsys-common-pdf.def 2023-01-15 v3.1.10 (3.1.10)
)))
(/usr/share/texlive/texmf-dist/tex/generic/pgf/systemlayer/pgfsyssoftpath.code.
tex
File: pgfsyssoftpath.code.tex 2023-01-15 v3.1.10 (3.1.10)
\pgfsyssoftpath@smallbuffer@items=\count301
\pgfsyssoftpath@bigbuffer@items=\count302
)
(/usr/share/texlive/texmf-dist/tex/generic/pgf/systemlayer/pgfsysprotocol.code.
tex
File: pgfsysprotocol.code.tex 2023-01-15 v3.1.10 (3.1.10)
)) (/usr/share/texlive/texmf-dist/tex/latex/xcolor/xcolor.sty
Package: xcolor 2023/11/15 v3.01 LaTeX color extensions (UK)

(/usr/share/texlive/texmf-dist/tex/latex/graphics-cfg/color.cfg
File: color.cfg 2016/01/02 v1.6 sample color configuration
)
Package xcolor Info: Driver file: pdftex.def on input line 274.

(/usr/share/texlive/texmf-dist/tex/latex/graphics/mathcolor.ltx)
Package xcolor Info: Model `cmy' substituted by `cmy0' on input line 1350.
Package xcolor Info: Model `hsb' substituted by `rgb' on input line 1354.
Package xcolor Info: Model `RGB' extended on input line 1366.
Package xcolor Info: Model `HTML' substituted by `rgb' on input line 1368.
Package xcolor Info: Model `Hsb' substituted by `hsb' on input line 1369.
Package xcolor Info: Model `tHsb' substituted by `hsb' on input line 1370.
Package xcolor Info: Model `HSB' substituted by `hsb' on input line 1371.
Package xcolor Info: Model `Gray' substituted by `gray' on input line 1372.
Package xcolor Info: Model `wave' substituted by `hsb' on input line 1373.
)
(/usr/share/texlive/texmf-dist/tex/generic/pgf/basiclayer/pgfcore.code.tex
Package: pgfcore 2023-01-15 v3.1.10 (3.1.10)

(/usr/share/texlive/texmf-dist/tex/generic/pgf/math/pgfint.code.tex)
(/usr/share/texlive/texmf-dist/tex/generic/pgf/basiclayer/pgfcorepoints.code.te
x
File: pgfcorepoints.code.tex 2023-01-15 v3.1.10 (3.1.10)
\pgf@picminx=\dimen188
\pgf@picmaxx=\dimen189
\pgf@picminy=\dimen190
\pgf@picmaxy=\dimen191
\pgf@pathminx=\dimen192
\pgf@pathmaxx=\dimen193
\pgf@pathminy=\dimen194
\pgf@pathmaxy=\dimen195
\pgf@xx=\dimen196
\pgf@xy=\dimen197
\pgf@yx=\dimen198
\pgf@yy=\dimen199
\pgf@zx=\dimen256
\pgf@zy=\dimen257
)
(/usr/share/texlive/texmf-dist/tex/generic/pgf/basiclayer/pgfcorepathconstruct.
code.tex
File: pgfcorepathconstruct.code.tex 2023-01-15 v3.1.10 (3.1.10)
\pgf@path@lastx=\dimen258
\pgf@path@lasty=\dimen259
)
(/usr/share/texlive/texmf-dist/tex/generic/pgf/basiclayer/pgfcorepathusage.code
.tex
File: pgfcorepathusage.code.tex 2023-01-15 v3.1.10 (3.1.10)
\pgf@shorten@end@additional=\dimen260
\pgf@shorten@start@additional=\dimen261
)
(/usr/share/texlive/texmf-dist/tex/generic/pgf/basiclayer/pgfcorescopes.code.te
x
File: pgfcorescopes.code.tex 2023-01-15 v3.1.10 (3.1.10)
\pgfpic=\box63
\pgf@hbox=\box64
\pgf@layerbox@main=\box65
\pgf@picture@serial@count=\count303
)
(/usr/share/texlive/texmf-dist/tex/generic/pgf/basiclayer/pgfcoregraphicstate.c
ode.tex
File: pgfcoregraphicstate.code.tex 2023-01-15 v3.1.10 (3.1.10)
\pgflinewidth=\dimen262
)
(/usr/share/texlive/texmf-dist/tex/generic/pgf/basiclayer/pgfcoretransformation
s.code.tex
File: pgfcoretransformations.code.tex 2023-01-15 v3.1.10 (3.1.10)
\pgf@pt@x=\dimen263
\pgf@pt@y=\dimen264
\pgf@pt@temp=\dimen265
)
(/usr/share/texlive/texmf-dist/tex/generic/pgf/basiclayer/pgfcorequick.code.tex
File: pgfcorequick.code.tex 2023-01-15 v3.1.10 (3.1.10)
)
(/usr/share/texlive/texmf-dist/tex/generic/pgf/basiclayer/pgfcoreobjects.code.t
ex
File: pgfcoreobjects.code.tex 2023-01-15 v3.1.10 (3.1.10)
)
(/usr/share/texlive/texmf-dist/tex/generic/pgf/basiclayer/pgfcorepathprocessing
.code.tex
File: pgfcorepathprocessing.code.tex 2023-01-15 v3.1.10 (3.1.10)
)
(/usr/share/texlive/texmf-dist/tex/generic/pgf/basiclayer/pgfcorearrows.code.te
x
File: pgfcorearrows.code.tex 2023-01-15 v3.1.10 (3.1.10)
\pgfarrowsep=\dimen266
)
(/usr/share/texlive/texmf-dist/tex/generic/pgf/basiclayer/pgfcoreshade.code.tex
File: pgfcoreshade.code.tex 2023-01-15 v3.1.10 (3.1.10)
\pgf@max=\dimen267
\pgf@sys@shading@range@num=\count304
\pgf@shadingcount=\count305
)
(/usr/share/texlive/texmf-dist/tex/generic/pgf/basiclayer/pgfcoreimage.code.tex
File: pgfcoreimage.code.tex 2023-01-15 v3.1.10 (3.1.10)
)
(/usr/share/texlive/texmf-dist/tex/generic/pgf/basiclayer/pgfcoreexternal.code.
tex
File: pgfcoreexternal.code.tex 2023-01-15 v3.1.10 (3.1.10)
\pgfexternal@startupbox=\box66
)
(/usr/share/texlive/texmf-dist/tex/generic/pgf/basiclayer/pgfcorelayers.code.te
x
File: pgfcorelayers.code.tex 2023-01-15 v3.1.10 (3.1.10)
)
(/usr/share/texlive/texmf-dist/tex/generic/pgf/basiclayer/pgfcoretransparency.c
ode.tex
File: pgfcoretransparency.code.tex 2023-01-15 v3.1.10 (3.1.10)
)
(/usr/share/texlive/texmf-dist/tex/generic/pgf/basiclayer/pgfcorepatterns.code.
tex
File: pgfcorepatterns.code.tex 2023-01-15 v3.1.10 (3.1.10)
)
(/usr/share/texlive/texmf-dist/tex/generic/pgf/basiclayer/pgfcorerdf.code.tex
File: pgfcorerdf.code.tex 2023-01-15 v3.1.10 (3.1.10)
))) (/usr/share/texlive/texmf-dist/tex/latex/pgf/utilities/xxcolor.sty
Package: xxcolor 2003/10/24 ver 0.1
\XC@nummixins=\count306
\XC@countmixins=\count307
)
(/usr/share/texlive/texmf-dist/tex/latex/base/atbegshi-ltx.sty
Package: atbegshi-ltx 2021/01/10 v1.0c Emulation of the original atbegshi
package with kernel methods
)
(/usr/share/texlive/texmf-dist/tex/latex/hyperref/hyperref.sty
Package: hyperref 2024-05-23 v7.01i Hypertext links for LaTeX

(/usr/share/texlive/texmf-dist/tex/latex/kvsetkeys/kvsetkeys.sty
Package: kvsetkeys 2022-10-05 v1.19 Key value parser (HO)
)
(/usr/share/texlive/texmf-dist/tex/generic/kvdefinekeys/kvdefinekeys.sty
Package: kvdefinekeys 2019-12-19 v1.6 Define keys (HO)
)
(/usr/share/texlive/texmf-dist/tex/generic/pdfescape/pdfescape.sty
Package: pdfescape 2019/12/09 v1.15 Implements pdfTeX's escape features (HO)

(/usr/share/texlive/texmf-dist/tex/generic/ltxcmds/ltxcmds.sty
Package: ltxcmds 2023-12-04 v1.26 LaTeX kernel commands for general use (HO)
)
(/usr/share/texlive/texmf-dist/tex/generic/pdftexcmds/pdftexcmds.sty
Package: pdftexcmds 2020-06-27 v0.33 Utility functions of pdfTeX for LuaTeX (HO
)

(/usr/share/texlive/texmf-dist/tex/generic/infwarerr/infwarerr.sty
Package: infwarerr 2019/12/03 v1.5 Providing info/warning/error messages (HO)
)
Package pdftexcmds Info: \pdf@primitive is available.
Package pdftexcmds Info: \pdf@ifprimitive is available.
Package pdftexcmds Info: \pdfdraftmode found.
))
(/usr/share/texlive/texmf-dist/tex/latex/hycolor/hycolor.sty
Package: hycolor 2020-01-27 v1.10 Color options for hyperref/bookmark (HO)
)
(/usr/share/texlive/texmf-dist/tex/latex/hyperref/nameref.sty
Package: nameref 2023-11-26 v2.56 Cross-referencing by name of section

(/usr/share/texlive/texmf-dist/tex/latex/refcount/refcount.sty
Package: refcount 2019/12/15 v3.6 Data extraction from label references (HO)
)
(/usr/share/texlive/texmf-dist/tex/generic/gettitlestring/gettitlestring.sty
Package: gettitlestring 2019/12/15 v1.6 Cleanup title references (HO)

(/usr/share/texlive/texmf-dist/tex/latex/kvoptions/kvoptions.sty
Package: kvoptions 2022-06-15 v3.15 Key value format for package options (HO)
))
\c@section@level=\count308
)
(/usr/share/texlive/texmf-dist/tex/generic/stringenc/stringenc.sty
Package: stringenc 2019/11/29 v1.12 Convert strings between diff. encodings (HO
)
)
\@linkdim=\dimen268
\Hy@linkcounter=\count309
\Hy@pagecounter=\count310

(/usr/share/texlive/texmf-dist/tex/latex/hyperref/pd1enc.def
File: pd1enc.def 2024-05-23 v7.01i Hyperref: PDFDocEncoding definition (HO)
Now handling font encoding PD1 ...
... no UTF-8 mapping file for font encoding PD1
)
(/usr/share/texlive/texmf-dist/tex/generic/intcalc/intcalc.sty
Package: intcalc 2019/12/15 v1.3 Expandable calculations with integers (HO)
)
\Hy@SavedSpaceFactor=\count311

(/usr/share/texlive/texmf-dist/tex/latex/hyperref/puenc.def
File: puenc.def 2024-05-23 v7.01i Hyperref: PDF Unicode definition (HO)
Now handling font encoding PU ...
... no UTF-8 mapping file for font encoding PU
)
Package hyperref Info: Option `bookmarks' set `true' on input line 4040.
Package hyperref Info: Option `bookmarksopen' set `true' on input line 4040.
Package hyperref Info: Option `implicit' set `false' on input line 4040.
Package hyperref Info: Hyper figures OFF on input line 4157.
Package hyperref Info: Link nesting OFF on input line 4162.
Package hyperref Info: Hyper index ON on input line 4165.
Package hyperref Info: Plain pages OFF on input line 4172.
Package hyperref Info: Backreferencing OFF on input line 4177.
Package hyperref Info: Implicit mode OFF; no redefinition of LaTeX internals.
Package hyperref Info: Bookmarks ON on input line 4424.
\c@Hy@tempcnt=\count312

(/usr/share/texlive/texmf-dist/tex/latex/url/url.sty
\Urlmuskip=\muskip17
Package: url 2013/09/16  ver 3.4  Verb mode for urls, etc.
)
LaTeX Info: Redefining \url on input line 4763.
\XeTeXLinkMargin=\dimen269

(/usr/share/texlive/texmf-dist/tex/generic/bitset/bitset.sty
Package: bitset 2019/12/09 v1.3 Handle bit-vector datatype (HO)

(/usr/share/texlive/texmf-dist/tex/generic/bigintcalc/bigintcalc.sty
Package: bigintcalc 2019/12/15 v1.5 Expandable calculations on big integers (HO
)
))
\Fld@menulength=\count313
\Field@Width=\dimen270
\Fld@charsize=\dimen271
Package hyperref Info: Hyper figures OFF on input line 6042.
Package hyperref Info: Link nesting OFF on input line 6047.
Package hyperref Info: Hyper index ON on input line 6050.
Package hyperref Info: backreferencing OFF on input line 6057.
Package hyperref Info: Link coloring OFF on input line 6062.
Package hyperref Info: Link coloring with OCG OFF on input line 6067.
Package hyperref Info: PDF/A mode OFF on input line 6072.
\Hy@abspage=\count314


Package hyperref Message: Stopped early.

)
Package hyperref Info: Driver (autodetected): hpdftex.
 (/usr/share/texlive/texmf-dist/tex/latex/hyperref/hpdftex.def
File: hpdftex.def 2024-05-23 v7.01i Hyperref driver for pdfTeX

(/usr/share/texlive/texmf-dist/tex/latex/base/atveryend-ltx.sty
Package: atveryend-ltx 2020/08/19 v1.0a Emulation of the original atveryend pac
kage
with kernel methods
)
\Fld@listcount=\count315
\c@bookmark@seq@number=\count316

(/usr/share/texlive/texmf-dist/tex/latex/rerunfilecheck/rerunfilecheck.sty
Package: rerunfilecheck 2022-07-10 v1.10 Rerun checks for auxiliary files (HO)

(/usr/share/texlive/texmf-dist/tex/generic/uniquecounter/uniquecounter.sty
Package: uniquecounter 2019/12/15 v1.4 Provide unlimited unique counter (HO)
)
Package uniquecounter Info: New unique counter `rerunfilecheck' on input line 2
85.
))
(/usr/share/texlive/texmf-dist/tex/latex/beamer/beamerbaserequires.sty
(/usr/share/texlive/texmf-dist/tex/latex/beamer/beamerbasecompatibility.sty)
(/usr/share/texlive/texmf-dist/tex/latex/beamer/beamerbasefont.sty
(/usr/share/texlive/texmf-dist/tex/latex/amsfonts/amssymb.sty
Package: amssymb 2013/01/14 v3.01 AMS font symbols

(/usr/share/texlive/texmf-dist/tex/latex/amsfonts/amsfonts.sty
Package: amsfonts 2013/01/14 v3.01 Basic AMSFonts support
\@emptytoks=\toks29
\symAMSa=\mathgroup4
\symAMSb=\mathgroup5
LaTeX Font Info:    Redeclaring math symbol \hbar on input line 98.
LaTeX Font Info:    Overwriting math alphabet `\mathfrak' in version `bold'
(Font)                  U/euf/m/n --> U/euf/b/n on input line 106.
))
(/usr/share/texlive/texmf-dist/tex/latex/sansmathaccent/sansmathaccent.sty
Package: sansmathaccent 2020/01/31

(/usr/share/texlive/texmf-dist/tex/latex/koma-script/scrlfile.sty
Package: scrlfile 2023/07/07 v3.41 KOMA-Script package (file load hooks)

(/usr/share/texlive/texmf-dist/tex/latex/koma-script/scrlfile-hook.sty
Package: scrlfile-hook 2023/07/07 v3.41 KOMA-Script package (using LaTeX hooks)


(/usr/share/texlive/texmf-dist/tex/latex/koma-script/scrlogo.sty
Package: scrlogo 2023/07/07 v3.41 KOMA-Script package (logo)
)))))
(/usr/share/texlive/texmf-dist/tex/latex/beamer/beamerbasetranslator.sty
(/usr/share/texlive/texmf-dist/tex/latex/translator/translator.sty
Package: translator 2021-05-31 v1.12d Easy translation of strings in LaTeX
))
(/usr/share/texlive/texmf-dist/tex/latex/beamer/beamerbasemisc.sty)
(/usr/share/texlive/texmf-dist/tex/latex/beamer/beamerbasetwoscreens.sty)
(/usr/share/texlive/texmf-dist/tex/latex/beamer/beamerbaseoverlay.sty
\beamer@argscount=\count317
\beamer@lastskipcover=\skip52
\beamer@trivlistdepth=\count318
)
(/usr/share/texlive/texmf-dist/tex/latex/beamer/beamerbasetitle.sty)
(/usr/share/texlive/texmf-dist/tex/latex/beamer/beamerbasesection.sty
\c@lecture=\count319
\c@part=\count320
\c@section=\count321
\c@subsection=\count322
\c@subsubsection=\count323
)
(/usr/share/texlive/texmf-dist/tex/latex/beamer/beamerbaseframe.sty
\beamer@framebox=\box67
\beamer@frametitlebox=\box68
\beamer@zoombox=\box69
\beamer@zoomcount=\count324
\beamer@zoomframecount=\count325
\beamer@frametextheight=\dimen272
\c@subsectionslide=\count326
\beamer@frametopskip=\skip53
\beamer@framebottomskip=\skip54
\beamer@frametopskipautobreak=\skip55
\beamer@framebottomskipautobreak=\skip56
\beamer@envbody=\toks30
\framewidth=\dimen273
\c@framenumber=\count327
)
(/usr/share/texlive/texmf-dist/tex/latex/beamer/beamerbaseverbatim.sty
\beamer@verbatimfileout=\write4
)
(/usr/share/texlive/texmf-dist/tex/latex/beamer/beamerbaseframesize.sty
\beamer@splitbox=\box70
\beamer@autobreakcount=\count328
\beamer@autobreaklastheight=\dimen274
\beamer@frametitletoks=\toks31
\beamer@framesubtitletoks=\toks32
)
(/usr/share/texlive/texmf-dist/tex/latex/beamer/beamerbaseframecomponents.sty
\beamer@footins=\box71
)
(/usr/share/texlive/texmf-dist/tex/latex/beamer/beamerbasecolor.sty)
(/usr/share/texlive/texmf-dist/tex/latex/beamer/beamerbasenotes.sty
\beamer@frameboxcopy=\box72
)
(/usr/share/texlive/texmf-dist/tex/latex/beamer/beamerbasetoc.sty)
(/usr/share/texlive/texmf-dist/tex/latex/beamer/beamerbasetemplates.sty
\beamer@sbttoks=\toks33

(/usr/share/texlive/texmf-dist/tex/latex/beamer/beamerbaseauxtemplates.sty
(/usr/share/texlive/texmf-dist/tex/latex/beamer/beamerbaseboxes.sty
\bmb@box=\box73
\bmb@colorbox=\box74
\bmb@boxwidth=\dimen275
\bmb@boxheight=\dimen276
\bmb@prevheight=\dimen277
\bmb@temp=\dimen278
\bmb@dima=\dimen279
\bmb@dimb=\dimen280
\bmb@prevheight=\dimen281
)
\beamer@blockheadheight=\dimen282
))
(/usr/share/texlive/texmf-dist/tex/latex/beamer/beamerbaselocalstructure.sty
(/usr/share/texlive/texmf-dist/tex/latex/tools/enumerate.sty
Package: enumerate 2023/07/04 v3.00 enumerate extensions (DPC)
\@enLab=\toks34
)
\beamer@bibiconwidth=\skip57
\c@figure=\count329
\c@table=\count330
\abovecaptionskip=\skip58
\belowcaptionskip=\skip59
)
(/usr/share/texlive/texmf-dist/tex/latex/beamer/beamerbasenavigation.sty
(/usr/share/texlive/texmf-dist/tex/latex/beamer/beamerbasenavigationsymbols.tex
)
\beamer@section@min@dim=\dimen283
) (/usr/share/texlive/texmf-dist/tex/latex/beamer/beamerbasetheorems.sty)
(/usr/share/texlive/texmf-dist/tex/latex/beamer/beamerbasethemes.sty))
(/usr/share/texlive/texmf-dist/tex/latex/beamer/beamerthemedefault.sty
(/usr/share/texlive/texmf-dist/tex/latex/beamer/beamerfontthemedefault.sty)
(/usr/share/texlive/texmf-dist/tex/latex/beamer/beamercolorthemedefault.sty)
(/usr/share/texlive/texmf-dist/tex/latex/beamer/beamerinnerthemedefault.sty
\beamer@dima=\dimen284
\beamer@dimb=\dimen285
)
(/usr/share/texlive/texmf-dist/tex/latex/beamer/beamerouterthemedefault.sty)))
(/usr/share/texlive/texmf-dist/tex/latex/nag/nag.sty
Package: nag 2011/11/25 0.7 warning about old commands (ulmi)
\c@nag@c=\count331
\c@nag@sins=\count332
Package nag Info: Loaded nag-orthodox.cfg  on input line 552.

(/usr/share/texlive/texmf-dist/tex/latex/nag/nag-orthodox.cfg
File: nag-orthodox.cfg 2006/04/19 v1.8 strict rules for nag.sty (ulmi)
))
(/usr/share/texlive/texmf-dist/tex/latex/base/inputenc.sty
Package: inputenc 2024/02/08 v1.3d Input encoding file
\inpenc@prehook=\toks35
\inpenc@posthook=\toks36
)
(/usr/share/texlive/texmf-dist/tex/latex/base/fontenc.sty
Package: fontenc 2021/04/29 v2.0v Standard LaTeX package
)
(../../resources//UsersPackagesDefs.tex
(/usr/share/texlive/texmf-dist/tex/latex/changepage/changepage.sty
Package: changepage 2009/10/20 v1.0c check page and change page layout
\c@cp@cntr=\count333
\cp@tempcnt=\count334
)
(/usr/share/texlive/texmf-dist/tex/latex/appendixnumberbeamer/appendixnumberbea
mer.sty) (/usr/share/texlive/texmf-dist/tex/latex/float/float.sty
Package: float 2001/11/08 v1.3d Float enhancements (AL)
\c@float@type=\count335
\float@exts=\toks37
\float@box=\box75
\@float@everytoks=\toks38
\@floatcapt=\box76
)
(/usr/share/texlive/texmf-dist/tex/latex/caption/subcaption.sty
Package: subcaption 2023/07/28 v1.6b Sub-captions (AR)

(/usr/share/texlive/texmf-dist/tex/latex/caption/caption.sty
Package: caption 2023/08/05 v3.6o Customizing captions (AR)

(/usr/share/texlive/texmf-dist/tex/latex/caption/caption3.sty
Package: caption3 2023/07/31 v2.4d caption3 kernel (AR)
\caption@tempdima=\dimen286
\captionmargin=\dimen287
\caption@leftmargin=\dimen288
\caption@rightmargin=\dimen289
\caption@width=\dimen290
\caption@indent=\dimen291
\caption@parindent=\dimen292
\caption@hangindent=\dimen293
Package caption Info: beamer document class detected.

(/usr/share/texlive/texmf-dist/tex/latex/caption/caption-beamer.sto
File: caption-beamer.sto 2022/01/06 v2.0c Adaption of the caption package to th
e beamer document classes (AR)
))
\c@caption@flags=\count336
\c@continuedfloat=\count337
Package caption Info: changepage package is loaded.
\caption@adjustwidth@hsize=\dimen294
\caption@adjustwidth@linewidth=\dimen295
Package caption Info: float package is loaded.
Package caption Info: hyperref package is loaded.
Package caption Info: Hyperref support is turned off
(caption)             because hyperref has stopped early.
)
Package caption Info: New subtype `subfigure' on input line 238.
\c@subfigure=\count338
Package caption Info: New subtype `subtable' on input line 238.
\c@subtable=\count339
)
(/usr/share/texlive/texmf-dist/tex/latex/import/import.sty
Package: import 2020/04/01  v 6.2
)
(/usr/share/texlive/texmf-dist/tex/latex/pgf/frontendlayer/tikz.sty
(/usr/share/texlive/texmf-dist/tex/latex/pgf/basiclayer/pgf.sty
Package: pgf 2023-01-15 v3.1.10 (3.1.10)

(/usr/share/texlive/texmf-dist/tex/generic/pgf/modules/pgfmoduleshapes.code.tex
File: pgfmoduleshapes.code.tex 2023-01-15 v3.1.10 (3.1.10)
\pgfnodeparttextbox=\box77
) (/usr/share/texlive/texmf-dist/tex/generic/pgf/modules/pgfmoduleplot.code.tex
File: pgfmoduleplot.code.tex 2023-01-15 v3.1.10 (3.1.10)
)
(/usr/share/texlive/texmf-dist/tex/latex/pgf/compatibility/pgfcomp-version-0-65
.sty
Package: pgfcomp-version-0-65 2023-01-15 v3.1.10 (3.1.10)
\pgf@nodesepstart=\dimen296
\pgf@nodesepend=\dimen297
)
(/usr/share/texlive/texmf-dist/tex/latex/pgf/compatibility/pgfcomp-version-1-18
.sty
Package: pgfcomp-version-1-18 2023-01-15 v3.1.10 (3.1.10)
)) (/usr/share/texlive/texmf-dist/tex/latex/pgf/utilities/pgffor.sty
(/usr/share/texlive/texmf-dist/tex/generic/pgf/utilities/pgffor.code.tex
Package: pgffor 2023-01-15 v3.1.10 (3.1.10)
\pgffor@iter=\dimen298
\pgffor@skip=\dimen299
\pgffor@stack=\toks39
\pgffor@toks=\toks40
))
(/usr/share/texlive/texmf-dist/tex/generic/pgf/frontendlayer/tikz/tikz.code.tex
Package: tikz 2023-01-15 v3.1.10 (3.1.10)

(/usr/share/texlive/texmf-dist/tex/generic/pgf/libraries/pgflibraryplothandlers
.code.tex
File: pgflibraryplothandlers.code.tex 2023-01-15 v3.1.10 (3.1.10)
\pgf@plot@mark@count=\count340
\pgfplotmarksize=\dimen300
)
\tikz@lastx=\dimen301
\tikz@lasty=\dimen302
\tikz@lastxsaved=\dimen303
\tikz@lastysaved=\dimen304
\tikz@lastmovetox=\dimen305
\tikz@lastmovetoy=\dimen306
\tikzleveldistance=\dimen307
\tikzsiblingdistance=\dimen308
\tikz@figbox=\box78
\tikz@figbox@bg=\box79
\tikz@tempbox=\box80
\tikz@tempbox@bg=\box81
\tikztreelevel=\count341
\tikznumberofchildren=\count342
\tikznumberofcurrentchild=\count343
\tikz@fig@count=\count344

(/usr/share/texlive/texmf-dist/tex/generic/pgf/modules/pgfmodulematrix.code.tex
File: pgfmodulematrix.code.tex 2023-01-15 v3.1.10 (3.1.10)
\pgfmatrixcurrentrow=\count345
\pgfmatrixcurrentcolumn=\count346
\pgf@matrix@numberofcolumns=\count347
)
\tikz@expandcount=\count348

(/usr/share/texlive/texmf-dist/tex/generic/pgf/frontendlayer/tikz/libraries/tik
zlibrarytopaths.code.tex
File: tikzlibrarytopaths.code.tex 2023-01-15 v3.1.10 (3.1.10)
)))
(/usr/share/texlive/texmf-dist/tex/latex/pgfplots/pgfplots.sty
(/usr/share/texlive/texmf-dist/tex/generic/pgfplots/pgfplots.revision.tex)
Package: pgfplots 2021/05/15 v1.18.1 Data Visualization (1.18.1)

(/usr/share/texlive/texmf-dist/tex/generic/pgfplots/pgfplots.code.tex
(/usr/share/texlive/texmf-dist/tex/generic/pgfplots/pgfplotscore.code.tex
\t@pgfplots@toka=\toks41
\t@pgfplots@tokb=\toks42
\t@pgfplots@tokc=\toks43
\pgfplots@tmpa=\dimen309
\c@pgfplots@coordindex=\count349
\c@pgfplots@scanlineindex=\count350

(/usr/share/texlive/texmf-dist/tex/generic/pgfplots/sys/pgfplotssysgeneric.code
.tex))
(/usr/share/texlive/texmf-dist/tex/generic/pgfplots/libs/pgfplotslibrary.code.t
ex)
(/usr/share/texlive/texmf-dist/tex/generic/pgfplots/oldpgfcompatib/pgfplotsoldp
gfsupp_loader.code.tex
(/usr/share/texlive/texmf-dist/tex/generic/pgf/libraries/pgflibraryfpu.code.tex
)
Package pgfplots: loading complementary utilities for your pgf version...
\t@pgf@toka=\toks44
\t@pgf@tokb=\toks45
\t@pgf@tokc=\toks46

(/usr/share/texlive/texmf-dist/tex/generic/pgfplots/oldpgfcompatib/pgfplotsoldp
gfsupp_pgfutil-common-lists.tex))
(/usr/share/texlive/texmf-dist/tex/generic/pgfplots/util/pgfplotsutil.code.tex
(/usr/share/texlive/texmf-dist/tex/generic/pgfplots/liststructure/pgfplotslists
tructure.code.tex)
(/usr/share/texlive/texmf-dist/tex/generic/pgfplots/liststructure/pgfplotslists
tructureext.code.tex)
(/usr/share/texlive/texmf-dist/tex/generic/pgfplots/liststructure/pgfplotsarray
.code.tex
\c@pgfplotsarray@tmp=\count351
)
(/usr/share/texlive/texmf-dist/tex/generic/pgfplots/liststructure/pgfplotsmatri
x.code.tex)
(/usr/share/texlive/texmf-dist/tex/generic/pgfplots/numtable/pgfplotstableshare
d.code.tex
\c@pgfplotstable@counta=\count352
\t@pgfplotstable@a=\toks47
)
(/usr/share/texlive/texmf-dist/tex/generic/pgfplots/liststructure/pgfplotsdeque
.code.tex)
(/usr/share/texlive/texmf-dist/tex/generic/pgfplots/util/pgfplotsbinary.code.te
x
(/usr/share/texlive/texmf-dist/tex/generic/pgfplots/util/pgfplotsbinary.data.co
de.tex))
(/usr/share/texlive/texmf-dist/tex/generic/pgfplots/util/pgfplotsutil.verb.code
.tex)
(/usr/share/texlive/texmf-dist/tex/generic/pgfplots/libs/pgflibrarypgfplots.sur
fshading.code.tex
\c@pgfplotslibrarysurf@no=\count353

(/usr/share/texlive/texmf-dist/tex/generic/pgfplots/sys/pgflibrarypgfplots.surf
shading.pgfsys-pdftex.def)))
(/usr/share/texlive/texmf-dist/tex/generic/pgfplots/util/pgfplotscolormap.code.
tex
(/usr/share/texlive/texmf-dist/tex/generic/pgfplots/util/pgfplotscolor.code.tex
))
(/usr/share/texlive/texmf-dist/tex/generic/pgfplots/pgfplotsstackedplots.code.t
ex)
(/usr/share/texlive/texmf-dist/tex/generic/pgfplots/pgfplotsplothandlers.code.t
ex
(/usr/share/texlive/texmf-dist/tex/generic/pgfplots/pgfplotsmeshplothandler.cod
e.tex
(/usr/share/texlive/texmf-dist/tex/generic/pgfplots/pgfplotsmeshplotimage.code.
tex)))
(/usr/share/texlive/texmf-dist/tex/generic/pgfplots/pgfplots.scaling.code.tex)
(/usr/share/texlive/texmf-dist/tex/generic/pgfplots/pgfplotscoordprocessing.cod
e.tex)
(/usr/share/texlive/texmf-dist/tex/generic/pgfplots/pgfplots.errorbars.code.tex
) (/usr/share/texlive/texmf-dist/tex/generic/pgfplots/pgfplots.markers.code.tex
) (/usr/share/texlive/texmf-dist/tex/generic/pgfplots/pgfplotsticks.code.tex)
(/usr/share/texlive/texmf-dist/tex/generic/pgfplots/pgfplots.paths.code.tex)
(/usr/share/texlive/texmf-dist/tex/generic/pgf/frontendlayer/tikz/libraries/tik
zlibrarydecorations.code.tex
(/usr/share/texlive/texmf-dist/tex/generic/pgf/modules/pgfmoduledecorations.cod
e.tex
\pgfdecoratedcompleteddistance=\dimen310
\pgfdecoratedremainingdistance=\dimen311
\pgfdecoratedinputsegmentcompleteddistance=\dimen312
\pgfdecoratedinputsegmentremainingdistance=\dimen313
\pgf@decorate@distancetomove=\dimen314
\pgf@decorate@repeatstate=\count354
\pgfdecorationsegmentamplitude=\dimen315
\pgfdecorationsegmentlength=\dimen316
)
\tikz@lib@dec@box=\box82
)
(/usr/share/texlive/texmf-dist/tex/generic/pgf/frontendlayer/tikz/libraries/tik
zlibrarydecorations.pathmorphing.code.tex
(/usr/share/texlive/texmf-dist/tex/generic/pgf/libraries/decorations/pgflibrary
decorations.pathmorphing.code.tex))
(/usr/share/texlive/texmf-dist/tex/generic/pgf/frontendlayer/tikz/libraries/tik
zlibrarydecorations.pathreplacing.code.tex
(/usr/share/texlive/texmf-dist/tex/generic/pgf/libraries/decorations/pgflibrary
decorations.pathreplacing.code.tex))
(/usr/share/texlive/texmf-dist/tex/generic/pgfplots/libs/tikzlibrarypgfplots.co
ntourlua.code.tex)
\pgfplots@numplots=\count355
\pgfplots@xmin@reg=\dimen317
\pgfplots@xmax@reg=\dimen318
\pgfplots@ymin@reg=\dimen319
\pgfplots@ymax@reg=\dimen320
\pgfplots@zmin@reg=\dimen321
\pgfplots@zmax@reg=\dimen322
)
(/usr/share/texlive/texmf-dist/tex/generic/pgf/frontendlayer/tikz/libraries/tik
zlibraryplotmarks.code.tex
File: tikzlibraryplotmarks.code.tex 2023-01-15 v3.1.10 (3.1.10)

(/usr/share/texlive/texmf-dist/tex/generic/pgf/libraries/pgflibraryplotmarks.co
de.tex
File: pgflibraryplotmarks.code.tex 2023-01-15 v3.1.10 (3.1.10)
))) (/usr/share/texlive/texmf-dist/tex/latex/tabularray/tabularray.sty
(/usr/share/texlive/texmf-dist/tex/latex/l3kernel/expl3.sty
Package: expl3 2024-05-27 L3 programming layer (loader) 

(/usr/share/texlive/texmf-dist/tex/latex/l3backend/l3backend-pdftex.def
File: l3backend-pdftex.def 2024-05-08 L3 backend support: PDF output (pdfTeX)
\l__color_backend_stack_int=\count356
\l__pdf_internal_box=\box83
))
Package: tabularray 2024-02-16 v2024A Typeset tabulars and arrays with LaTeX3
\l__tblr_a_int=\count357
\l__tblr_c_int=\count358
\l__tblr_r_int=\count359
\l__tblr_d_dim=\dimen323
\l__tblr_h_dim=\dimen324
\l__tblr_o_dim=\dimen325
\l__tblr_p_dim=\dimen326
\l__tblr_q_dim=\dimen327
\l__tblr_r_dim=\dimen328
\l__tblr_s_dim=\dimen329
\l__tblr_t_dim=\dimen330
\l__tblr_v_dim=\dimen331
\l__tblr_w_dim=\dimen332
\l__tblr_a_box=\box84
\l__tblr_b_box=\box85
\l__tblr_c_box=\box86
\l__tblr_d_box=\box87
\g__tblr_table_count_int=\count360
\c@rownum=\count361
\c@colnum=\count362
\c@rowcount=\count363
\c@colcount=\count364
\abovesep=\dimen333
\belowsep=\dimen334
\leftsep=\dimen335
\rightsep=\dimen336
\g_tblr_level_int=\count365
\g__tblr_data_row_key_count_int=\count366
\g__tblr_data_column_key_count_int=\count367
\g__tblr_data_cell_key_count_int=\count368
\g__tblr_array_int=\count369
\l__tblr_key_count_int=\count370
\l__tblr_key_quotient_int=\count371
\l__tblr_key_quotient_two_int=\count372
\l__tblr_key_remainder_int=\count373
\g__tblr_data_str_value_count_int=\count374
\rulewidth=\dimen337
\l__tblr_strut_dp_dim=\dimen338
\l__tblr_strut_ht_dim=\dimen339
\g__tblr_cell_wd_dim=\dimen340
\g__tblr_cell_ht_dim=\dimen341
\g__tblr_cell_head_dim=\dimen342
\g__tblr_cell_foot_dim=\dimen343
\l__column_target_dim=\dimen344
\l__tblr_caption_box=\box88
\l__tblr_caption_left_box=\box89
\l__tblr_row_head_box=\box90
\l__tblr_row_foot_box=\box91
\l__tblr_row_head_foot_dim=\dimen345
\tablewidth=\dimen346
\l__tblr_table_firsthead_box=\box92
\l__tblr_table_middlehead_box=\box93
\l__tblr_table_lasthead_box=\box94
\l__tblr_table_firstfoot_box=\box95
\l__tblr_table_middlefoot_box=\box96
\l__tblr_table_lastfoot_box=\box97
\l__tblr_remain_height_dim=\dimen347
\l__tblr_long_from_int=\count375
\l__tblr_long_to_int=\count376
\l__tblr_curr_i_int=\count377
\l__tblr_prev_i_int=\count378
\l__tblr_table_page_int=\count379
\l__tblr_table_head_box=\box98
\l__tblr_table_foot_box=\box99
\l__tblr_table_head_foot_dim=\dimen348
\l__tblr_table_head_body_foot_dim=\dimen349
\l__tblr_table_box=\box100
\l__tblr_table_hlines_box=\box101
\l__tblr_hline_box=\box102
\l__tblr_row_box=\box103
\l__tblr_col_o_wd_dim=\dimen350
\l__tblr_col_b_wd_dim=\dimen351
\l__tblr_hline_leftskip_dim=\dimen352
\l__tblr_hline_rightskip_dim=\dimen353
\l__tblr_row_ht_dim=\dimen354
\l__tblr_row_dp_dim=\dimen355
\l__tblr_row_abovesep_dim=\dimen356
\l__tblr_row_belowsep_dim=\dimen357
\l__tblr_row_vlines_box=\box104
\l__tblr_vline_box=\box105
\l__tblr_cell_box=\box106
\l__row_upper_dim=\dimen358
\l__row_lower_dim=\dimen359
\l__row_vpace_dim=\dimen360
\l__tblr_vline_aboveskip_dim=\dimen361
\l__tblr_vline_belowskip_dim=\dimen362
\l__tblr_cell_wd_dim=\dimen363
\l__tblr_cell_ht_dim=\dimen364
\l__tblr_diag_box=\box107
)
(/usr/share/texlive/texmf-dist/tex/latex/booktabs/booktabs.sty
Package: booktabs 2020/01/12 v1.61803398 Publication quality tables
\heavyrulewidth=\dimen365
\lightrulewidth=\dimen366
\cmidrulewidth=\dimen367
\belowrulesep=\dimen368
\belowbottomsep=\dimen369
\aboverulesep=\dimen370
\abovetopsep=\dimen371
\cmidrulesep=\dimen372
\cmidrulekern=\dimen373
\defaultaddspace=\dimen374
\@cmidla=\count380
\@cmidlb=\count381
\@aboverulesep=\dimen375
\@belowrulesep=\dimen376
\@thisruleclass=\count382
\@lastruleclass=\count383
\@thisrulewidth=\dimen377
)
(/usr/share/texlive/texmf-dist/tex/latex/amsmath/amsmath.sty
Package: amsmath 2024/05/23 v2.17q AMS math features
\@mathmargin=\skip60

For additional information on amsmath, use the `?' option.
(/usr/share/texlive/texmf-dist/tex/latex/amsmath/amstext.sty
Package: amstext 2021/08/26 v2.01 AMS text

(/usr/share/texlive/texmf-dist/tex/latex/amsmath/amsgen.sty
File: amsgen.sty 1999/11/30 v2.0 generic functions
\@emptytoks=\toks48
\ex@=\dimen378
))
(/usr/share/texlive/texmf-dist/tex/latex/amsmath/amsbsy.sty
Package: amsbsy 1999/11/29 v1.2d Bold Symbols
\pmbraise@=\dimen379
)
(/usr/share/texlive/texmf-dist/tex/latex/amsmath/amsopn.sty
Package: amsopn 2022/04/08 v2.04 operator names
)
\inf@bad=\count384
LaTeX Info: Redefining \frac on input line 233.
\uproot@=\count385
\leftroot@=\count386
LaTeX Info: Redefining \overline on input line 398.
LaTeX Info: Redefining \colon on input line 409.
\classnum@=\count387
\DOTSCASE@=\count388
LaTeX Info: Redefining \ldots on input line 495.
LaTeX Info: Redefining \dots on input line 498.
LaTeX Info: Redefining \cdots on input line 619.
\Mathstrutbox@=\box108
\strutbox@=\box109
LaTeX Info: Redefining \big on input line 721.
LaTeX Info: Redefining \Big on input line 722.
LaTeX Info: Redefining \bigg on input line 723.
LaTeX Info: Redefining \Bigg on input line 724.
\big@size=\dimen380
LaTeX Font Info:    Redeclaring font encoding OML on input line 742.
LaTeX Font Info:    Redeclaring font encoding OMS on input line 743.
\macc@depth=\count389
LaTeX Info: Redefining \bmod on input line 904.
LaTeX Info: Redefining \pmod on input line 909.
LaTeX Info: Redefining \smash on input line 939.
LaTeX Info: Redefining \relbar on input line 969.
LaTeX Info: Redefining \Relbar on input line 970.
\c@MaxMatrixCols=\count390
\dotsspace@=\muskip18
\c@parentequation=\count391
\dspbrk@lvl=\count392
\tag@help=\toks49
\row@=\count393
\column@=\count394
\maxfields@=\count395
\andhelp@=\toks50
\eqnshift@=\dimen381
\alignsep@=\dimen382
\tagshift@=\dimen383
\tagwidth@=\dimen384
\totwidth@=\dimen385
\lineht@=\dimen386
\@envbody=\toks51
\multlinegap=\skip61
\multlinetaggap=\skip62
\mathdisplay@stack=\toks52
LaTeX Info: Redefining \[ on input line 2953.
LaTeX Info: Redefining \] on input line 2954.
)
(/usr/share/texlive/texmf-dist/tex/latex/mathtools/mathtools.sty
Package: mathtools 2024/03/11 v1.30 mathematical typesetting tools

(/usr/share/texlive/texmf-dist/tex/latex/tools/calc.sty
Package: calc 2023/07/08 v4.3 Infix arithmetic (KKT,FJ)
\calc@Acount=\count396
\calc@Bcount=\count397
\calc@Adimen=\dimen387
\calc@Bdimen=\dimen388
\calc@Askip=\skip63
\calc@Bskip=\skip64
LaTeX Info: Redefining \setlength on input line 80.
LaTeX Info: Redefining \addtolength on input line 81.
\calc@Ccount=\count398
\calc@Cskip=\skip65
)
(/usr/share/texlive/texmf-dist/tex/latex/mathtools/mhsetup.sty
Package: mhsetup 2021/03/18 v1.4 programming setup (MH)
)
\g_MT_multlinerow_int=\count399
\l_MT_multwidth_dim=\dimen389
\origjot=\skip66
\l_MT_shortvdotswithinadjustabove_dim=\dimen390
\l_MT_shortvdotswithinadjustbelow_dim=\dimen391
\l_MT_above_intertext_sep=\dimen392
\l_MT_below_intertext_sep=\dimen393
\l_MT_above_shortintertext_sep=\dimen394
\l_MT_below_shortintertext_sep=\dimen395
\xmathstrut@box=\box110
\xmathstrut@dim=\dimen396
)
(/usr/share/texlive/texmf-dist/tex/generic/mleftright/mleftright.sty
Package: mleftright 2019/12/03 v1.2 Math left/right delim. as open/close (HO)
)
(/usr/share/texlive/texmf-dist/tex/latex/derivative/derivative.sty
(/usr/share/texlive/texmf-dist/tex/latex/l3packages/l3keys2e/l3keys2e.sty
Package: l3keys2e 2024-05-08 LaTeX2e option processing using LaTeX3 keys
)
Package: derivative 2024/02/08 v1.4 Nice and easy derivatives and differentials
 for LaTeX
\l__deriv_gcd_counter_int=\count400
\l__deriv_vmo_int=\count401
\l__deriv_var_count_int=\count402
\l__deriv_tmpa_int=\count403
\l__deriv_tmpb_int=\count404
\l__deriv_seq_pos_int=\count405
\l__deriv_sort_max_int=\count406
)
(/usr/share/texlive/texmf-dist/tex/latex/siunitx/siunitx.sty
Package: siunitx 2024-06-24 v3.3.19 A comprehensive (SI) units package
\l__siunitx_number_uncert_offset_int=\count407
\l__siunitx_number_exponent_fixed_int=\count408
\l__siunitx_number_min_decimal_int=\count409
\l__siunitx_number_min_integer_int=\count410
\l__siunitx_number_round_precision_int=\count411
\l__siunitx_number_lower_threshold_int=\count412
\l__siunitx_number_upper_threshold_int=\count413
\l__siunitx_number_group_first_int=\count414
\l__siunitx_number_group_size_int=\count415
\l__siunitx_number_group_minimum_int=\count416
\l__siunitx_angle_tmp_dim=\dimen397
\l__siunitx_angle_marker_box=\box111
\l__siunitx_angle_unit_box=\box112
\l__siunitx_compound_count_int=\count417

(/usr/share/texlive/texmf-dist/tex/latex/translations/translations.sty
Package: translations 2022/02/05 v1.12 internationalization of LaTeX2e packages
 (CN)
)
\l__siunitx_table_tmp_box=\box113
\l__siunitx_table_tmp_dim=\dimen398
\l__siunitx_table_column_width_dim=\dimen399
\l__siunitx_table_integer_box=\box114
\l__siunitx_table_decimal_box=\box115
\l__siunitx_table_uncert_box=\box116
\l__siunitx_table_before_box=\box117
\l__siunitx_table_after_box=\box118
\l__siunitx_table_before_dim=\dimen400
\l__siunitx_table_carry_dim=\dimen401
\l__siunitx_unit_tmp_int=\count418
\l__siunitx_unit_position_int=\count419
\l__siunitx_unit_total_int=\count420

(/usr/share/texlive/texmf-dist/tex/latex/tools/array.sty
Package: array 2024/06/14 v2.6d Tabular extension package (FMi)
\col@sep=\dimen402
\ar@mcellbox=\box119
\extrarowheight=\dimen403
\NC@list=\toks53
\extratabsurround=\skip67
\backup@length=\skip68
\ar@cellbox=\box120
))
(/usr/share/texlive/texmf-dist/tex/latex/amscls/amsthm.sty
Package: amsthm 2020/05/29 v2.20.6
\thm@style=\toks54
\thm@bodyfont=\toks55
\thm@headfont=\toks56
\thm@notefont=\toks57
\thm@headpunct=\toks58
\thm@preskip=\skip69
\thm@postskip=\skip70
\thm@headsep=\skip71
\dth@everypar=\toks59
)
(/usr/share/texlive/texmf-dist/tex/latex/thmtools/thmtools.sty
Package: thmtools 2023/05/04 v0.76
\thmt@toks=\toks60
\c@thmt@dummyctr=\count421

(/usr/share/texlive/texmf-dist/tex/latex/thmtools/thm-patch.sty
Package: thm-patch 2023/05/04 v0.76

(/usr/share/texlive/texmf-dist/tex/latex/thmtools/parseargs.sty
Package: parseargs 2023/05/04 v0.76
\@parsespec=\toks61
))
(/usr/share/texlive/texmf-dist/tex/latex/thmtools/thm-kv.sty
Package: thm-kv 2023/05/04 v0.76
Package thm-kv Info: Theorem names will be uppercased on input line 42.
Package thm-kv Info: kvsetkeys patch (v1.16 or later) on input line 158.
)
(/usr/share/texlive/texmf-dist/tex/latex/thmtools/thm-autoref.sty
Package: thm-autoref 2023/05/04 v0.76

(/usr/share/texlive/texmf-dist/tex/latex/thmtools/aliasctr.sty
Package: aliasctr 2023/05/04 v0.76
))
(/usr/share/texlive/texmf-dist/tex/latex/thmtools/thm-listof.sty
Package: thm-listof 2023/05/04 v0.76
)
(/usr/share/texlive/texmf-dist/tex/latex/thmtools/thm-restate.sty
Package: thm-restate 2023/05/04 v0.76
)
(/usr/share/texlive/texmf-dist/tex/latex/thmtools/thm-amsthm.sty
Package: thm-amsthm 2023/05/04 v0.76
\thmt@style@headstyle=\toks62
)
(/usr/share/texlive/texmf-dist/tex/latex/thmtools/thm-beamer.sty
Package: thm-beamer 2023/05/04 v0.76
))
\c@theorem=\count422

(/usr/share/texlive/texmf-dist/tex/latex/stmaryrd/stmaryrd.sty
Package: stmaryrd 1994/03/03 St Mary's Road symbol package
\symstmry=\mathgroup6
LaTeX Font Info:    Overwriting symbol font `stmry' in version `bold'
(Font)                  U/stmry/m/n --> U/stmry/b/n on input line 89.
)
(/usr/share/texlive/texmf-dist/tex/latex/pseudo/pseudo.sty
Package: pseudo 2023/03/21 v1.2.3 Straightforward pseudocode

(/usr/share/texlive/texmf-dist/tex/latex/l3packages/xparse/xparse.sty
Package: xparse 2024-05-08 L3 Experimental document command parser
)
(/usr/share/texlive/texmf-dist/tex/latex/colortbl/colortbl.sty
Package: colortbl 2024/05/26 v1.0h Color table columns (DPC)
\everycr=\toks63
\minrowclearance=\skip72
)
(/usr/share/texlive/texmf-dist/tex/latex/oberdiek/aliascnt.sty
Package: aliascnt 2018/09/07 v1.5 Alias counters (HO)
)
\c@pseudoenv=\count423
\c@pseudoline=\count424
\g__pseudo_last_saved_line_int=\count425
\pseudoindentlength=\dimen404
\g__pseudo_indent_level_int=\count426
\l__pseudo_initial_indent_level_int=\count427
\c__pseudo_very_thin_dim=\dimen405
\c__pseudo_thin_dim=\dimen406
\c__pseudo_semithick_dim=\dimen407
)
\@float@every@algorithm=\toks64
\c@algorithm=\count428

(/usr/share/texlive/texmf-dist/tex/latex/cleveref/cleveref.sty
Package: cleveref 2018/03/27 v0.21.4 Intelligent cross-referencing


Package cleveref Warning: hyperref package loaded with implicit=false option - 
disabling cleveref's hyperref support. This situation is not supported by cleve
ref, and there's no guarantee anything will work. You're on your own! on input 
line 2370.

Package cleveref Info: `amsthm' support loaded on input line 3026.
Package cleveref Info: `aliascnt' support loaded on input line 3193.
) (/usr/share/texlive/texmf-dist/tex/latex/standalone/standalone.sty
Package: standalone 2022/10/10 v1.3b Package to include TeX sub-files with prea
mbles

(/usr/share/texlive/texmf-dist/tex/latex/tools/shellesc.sty
Package: shellesc 2023/07/08 v1.0d unified shell escape interface for LaTeX
Package shellesc Info: Restricted shell escape enabled on input line 77.
)
(/usr/share/texlive/texmf-dist/tex/latex/xkeyval/xkeyval.sty
Package: xkeyval 2022/06/16 v2.9 package option processing (HA)

(/usr/share/texlive/texmf-dist/tex/generic/xkeyval/xkeyval.tex
(/usr/share/texlive/texmf-dist/tex/generic/xkeyval/xkvutils.tex
\XKV@toks=\toks65
\XKV@tempa@toks=\toks66
)
\XKV@depth=\count429
File: xkeyval.tex 2014/12/03 v2.7a key=value parser (HA)
))
(/usr/share/texlive/texmf-dist/tex/latex/currfile/currfile.sty
Package: currfile 2024/03/14 v1.0 Provides the file path elements of the curren
t input file

(/usr/share/texlive/texmf-dist/tex/latex/filehook/filehook.sty
Package: filehook 2022/10/25 v0.8b Hooks for input files

(/usr/share/texlive/texmf-dist/tex/latex/filehook/filehook-2020.sty
Package: filehook-2020 2022/10/25 v0.8b Hooks for input files
))
\c@currfiledepth=\count430
)
(/usr/share/texlive/texmf-dist/tex/latex/gincltex/gincltex.sty
(/usr/share/texlive/texmf-dist/tex/latex/svn-prov/svn-prov.sty
Package: svn-prov 2010/04/24 v3.1862 Package Date/Version from SVN Keywords
)
Package: gincltex 2011/09/04 v0.3 Include external LaTeX files like graphics

(/usr/share/texlive/texmf-dist/tex/latex/adjustbox/adjustbox.sty
Package: adjustbox 2022/10/17 v1.3a Adjusting TeX boxes (trim, clip, ...)

(/usr/share/texlive/texmf-dist/tex/latex/adjustbox/adjcalc.sty
Package: adjcalc 2012/05/16 v1.1 Provides advanced setlength with multiple back
-ends (calc, etex, pgfmath)
)
(/usr/share/texlive/texmf-dist/tex/latex/adjustbox/trimclip.sty
Package: trimclip 2020/08/19 v1.2 Trim and clip general TeX material

(/usr/share/texlive/texmf-dist/tex/latex/collectbox/collectbox.sty
Package: collectbox 2022/10/17 v0.4c Collect macro arguments as boxes
\collectedbox=\box121
)
\tc@llx=\dimen408
\tc@lly=\dimen409
\tc@urx=\dimen410
\tc@ury=\dimen411
Package trimclip Info: Using driver 'tc-pdftex.def'.

(/usr/share/texlive/texmf-dist/tex/latex/adjustbox/tc-pdftex.def
File: tc-pdftex.def 2019/01/04 v2.2 Clipping driver for pdftex
))
\adjbox@Width=\dimen412
\adjbox@Height=\dimen413
\adjbox@Depth=\dimen414
\adjbox@Totalheight=\dimen415
\adjbox@pwidth=\dimen416
\adjbox@pheight=\dimen417
\adjbox@pdepth=\dimen418
\adjbox@ptotalheight=\dimen419

(/usr/share/texlive/texmf-dist/tex/latex/ifoddpage/ifoddpage.sty
Package: ifoddpage 2022/10/18 v1.2 Conditionals for odd/even page detection
\c@checkoddpage=\count431
LaTeX Info: Redefining \checkoddpage on input line 45.
)
(/usr/share/texlive/texmf-dist/tex/latex/varwidth/varwidth.sty
Package: varwidth 2009/03/30 ver 0.92;  Variable-width minipages
\@vwid@box=\box122
\sift@deathcycles=\count432
\@vwid@loff=\dimen420
\@vwid@roff=\dimen421
))
\gincltex@box=\box123
)
(/usr/share/texlive/texmf-dist/tex/latex/filemod/filemod-expmin.sty
Package: filemod-expmin 2011/09/19 v1.2 Get and compare file modification times
 (expandable; minimal)
))
(/usr/share/texlive/texmf-dist/tex/latex/glossaries-extra/glossaries-extra.sty
Package: glossaries-extra 2023/09/29 v1.53 (NLCT)

(/usr/share/texlive/texmf-dist/tex/latex/glossaries/base/glossaries.sty
Package: glossaries 2024/04/03 v4.54 (NLCT)

(/usr/share/texlive/texmf-dist/tex/latex/base/ifthen.sty
Package: ifthen 2024/03/16 v1.1e Standard LaTeX ifthen package (DPC)
)
(/usr/share/texlive/texmf-dist/tex/latex/mfirstuc/mfirstuc.sty
Package: mfirstuc 2022/10/14 v2.08 (NLCT)
\@glsmfirst=\toks67
\@glsmrest=\toks68
)
(/usr/share/texlive/texmf-dist/tex/latex/xfor/xfor.sty
Package: xfor 2009/02/05 v1.05 (NLCT)
)
(/usr/share/texlive/texmf-dist/tex/latex/datatool/datatool-base.sty
Package: datatool-base 2019/09/27 v2.32 (NLCT)

(/usr/share/texlive/texmf-dist/tex/latex/substr/substr.sty
Package: substr 2009/10/20 v1.2 Handle substrings
\c@su@anzahl=\count433
)
(/usr/share/texlive/texmf-dist/tex/latex/datatool/datatool-fp.sty
Package: datatool-fp 2019/09/27 v2.32 (NLCT)

(/usr/share/texlive/texmf-dist/tex/latex/fp/fp.sty
Package: fp 1995/04/02

`Fixed Point Package', Version 0.8, April 2, 1995 (C) Michael Mehlich
(/usr/share/texlive/texmf-dist/tex/latex/fp/defpattern.sty
Package: defpattern 1994/10/12
\actioncount=\count434
)
(/usr/share/texlive/texmf-dist/tex/latex/fp/fp-basic.sty
Package: fp-basic 1996/05/13
\FP@xs=\count435
\FP@xia=\count436
\FP@xib=\count437
\FP@xfa=\count438
\FP@xfb=\count439
\FP@rega=\count440
\FP@regb=\count441
\FP@regs=\count442
\FP@times=\count443
)
(/usr/share/texlive/texmf-dist/tex/latex/fp/fp-addons.sty
Package: fp-addons 1995/03/15
)
(/usr/share/texlive/texmf-dist/tex/latex/fp/fp-snap.sty
Package: fp-snap 1995/04/05
)
(/usr/share/texlive/texmf-dist/tex/latex/fp/fp-exp.sty
Package: fp-exp 1995/04/03
)
(/usr/share/texlive/texmf-dist/tex/latex/fp/fp-trigo.sty
Package: fp-trigo 1995/04/14
)
(/usr/share/texlive/texmf-dist/tex/latex/fp/fp-pas.sty
Package: fp-pas 1994/08/29
)
(/usr/share/texlive/texmf-dist/tex/latex/fp/fp-random.sty
Package: fp-random 1995/02/23
\FPseed=\count444
)
(/usr/share/texlive/texmf-dist/tex/latex/fp/fp-eqn.sty
Package: fp-eqn 1995/04/03
)
(/usr/share/texlive/texmf-dist/tex/latex/fp/fp-upn.sty
Package: fp-upn 1996/10/21
)
(/usr/share/texlive/texmf-dist/tex/latex/fp/fp-eval.sty
Package: fp-eval 1995/04/03
)))
\@dtl@toks=\toks69
\@dtl@tmpcount=\count445
\dtl@tmplength=\skip73
\dtl@sortresult=\count446
\@dtl@numgrpsepcount=\count447
\@dtl@datatype=\count448
\dtl@codeA=\count449
\dtl@codeB=\count450
\@dtl@foreach@level=\count451
)
(/usr/share/texlive/texmf-dist/tex/latex/tracklang/tracklang.sty
Package: tracklang 2022/12/13 v1.6.1 (NLCT) Track Languages

(/usr/share/texlive/texmf-dist/tex/generic/tracklang/tracklang.tex))
(/usr/share/texlive/texmf-dist/tex/latex/glossaries-english/glossaries-english.
ldf
File: glossaries-english.ldf 2014/11/23 v1.0
)
\gls@level=\count452
\@gls@tmpb=\toks70
\gls@tmplen=\skip74
\glskeylisttok=\toks71
\glslabeltok=\toks72
\glsshorttok=\toks73
\glslongtok=\toks74

(/usr/share/texlive/texmf-dist/tex/latex/glossaries/styles/glossary-hypernav.st
y
Package: glossary-hypernav 2024/04/03 v4.54 (NLCT)
) (/usr/share/texlive/texmf-dist/tex/latex/glossaries/styles/glossary-list.sty
Package: glossary-list 2024/04/03 v4.54 (NLCT)
\glslistdottedwidth=\skip75
) (/usr/share/texlive/texmf-dist/tex/latex/glossaries/styles/glossary-long.sty
Package: glossary-long 2024/04/03 v4.54 (NLCT)

(/usr/share/texlive/texmf-dist/tex/latex/tools/longtable.sty
Package: longtable 2024-04-26 v4.20 Multi-page Table package (DPC)
\LTleft=\skip76
\LTright=\skip77
\LTpre=\skip78
\LTpost=\skip79
\LTchunksize=\count453
\LTcapwidth=\dimen422
\LT@head=\box124
\LT@firsthead=\box125
\LT@foot=\box126
\LT@lastfoot=\box127
\LT@gbox=\box128
\LT@cols=\count454
\LT@rows=\count455
\c@LT@tables=\count456
\c@LT@chunks=\count457
\LT@p@ftn=\toks75
)
\glsdescwidth=\skip80
\glspagelistwidth=\skip81
)
(/usr/share/texlive/texmf-dist/tex/latex/glossaries/styles/glossary-super.sty
Package: glossary-super 2024/04/03 v4.54 (NLCT)

(/usr/share/texlive/texmf-dist/tex/latex/supertabular/supertabular.sty
Package: supertabular 2020/02/02 v4.1g the supertabular environment
\c@tracingst=\count458
\ST@wd=\dimen423
\ST@rightskip=\skip82
\ST@leftskip=\skip83
\ST@parfillskip=\skip84
\ST@pageleft=\dimen424
\ST@headht=\dimen425
\ST@tailht=\dimen426
\ST@pagesofar=\dimen427
\ST@pboxht=\dimen428
\ST@lineht=\dimen429
\ST@prevht=\dimen430
\ST@toadd=\dimen431
\ST@dimen=\dimen432
\ST@pbox=\box129
))
(/usr/share/texlive/texmf-dist/tex/latex/glossaries/styles/glossary-tree.sty
Package: glossary-tree 2024/04/03 v4.54 (NLCT)
\glstreeindent=\skip85
))
(/usr/share/texlive/texmf-dist/tex/latex/glossaries-extra/glossaries-extra-bib2
gls.sty
Package: glossaries-extra-bib2gls 2023/09/29 v1.53 (NLCT)
)
\@glsxtr@leveloffset=\count459
\glsxtrresourcecount=\count460
\@glsxtrnewgls@inner=\count461
\glsshortpltok=\toks76
\glslongpltok=\toks77

(/usr/share/texlive/texmf-dist/tex/latex/glossaries-extra/glossaries-extra-abbr
styles.def
File: glossaries-extra-abbrstyles.def 2023/06/28 v1.52 (NLCT)
)
\mglselementindex=\count462
)

Package glossaries-extra Warning: No file `Demo_Inria_light169.glstex' on input
 line 126.


Package glossaries-extra Warning: No file `Demo_Inria_light169-1.glstex' on inp
ut line 141.

(/usr/share/texlive/texmf-dist/tex/latex/biblatex/biblatex.sty
Package: biblatex 2024/03/21 v3.20 programmable bibliographies (PK/MW)

(/usr/share/texlive/texmf-dist/tex/latex/logreq/logreq.sty
Package: logreq 2010/08/04 v1.0 xml request logger
\lrq@indent=\count463

(/usr/share/texlive/texmf-dist/tex/latex/logreq/logreq.def
File: logreq.def 2010/08/04 v1.0 logreq spec v1.0
))
\c@tabx@nest=\count464
\c@listtotal=\count465
\c@listcount=\count466
\c@liststart=\count467
\c@liststop=\count468
\c@citecount=\count469
\c@citetotal=\count470
\c@multicitecount=\count471
\c@multicitetotal=\count472
\c@instcount=\count473
\c@maxnames=\count474
\c@minnames=\count475
\c@maxitems=\count476
\c@minitems=\count477
\c@citecounter=\count478
\c@maxcitecounter=\count479
\c@savedcitecounter=\count480
\c@uniquelist=\count481
\c@uniquename=\count482
\c@refsection=\count483
\c@refsegment=\count484
\c@maxextratitle=\count485
\c@maxextratitleyear=\count486
\c@maxextraname=\count487
\c@maxextradate=\count488
\c@maxextraalpha=\count489
\c@abbrvpenalty=\count490
\c@highnamepenalty=\count491
\c@lownamepenalty=\count492
\c@maxparens=\count493
\c@parenlevel=\count494
\blx@tempcnta=\count495
\blx@tempcntb=\count496
\blx@tempcntc=\count497
\c@blx@maxsection=\count498
\blx@maxsegment@0=\count499
\blx@notetype=\count500
\blx@parenlevel@text=\count501
\blx@parenlevel@foot=\count502
\blx@sectionciteorder@0=\count503
\blx@sectionciteorderinternal@0=\count504
\blx@entrysetcounter=\count505
\blx@biblioinstance=\count506
\labelnumberwidth=\skip86
\labelalphawidth=\skip87
\biblabelsep=\skip88
\bibitemsep=\skip89
\bibnamesep=\skip90
\bibinitsep=\skip91
\bibparsep=\skip92
\bibhang=\skip93
\blx@bcfin=\read3
\blx@bcfout=\write5
\blx@langwohyphens=\language89
\c@mincomprange=\count507
\c@maxcomprange=\count508
\c@mincompwidth=\count509
Package biblatex Info: Trying to load biblatex default data model...
Package biblatex Info: ... file 'blx-dm.def' found.

(/usr/share/texlive/texmf-dist/tex/latex/biblatex/blx-dm.def
File: blx-dm.def 2024/03/21 v3.20 biblatex datamodel (PK/MW)
)
Package biblatex Info: Trying to load biblatex style data model...
Package biblatex Info: ... file 'numeric.dbx' not found.
Package biblatex Info: Trying to load biblatex custom data model...
Package biblatex Info: ... file 'biblatex-dm.cfg' not found.
\c@afterword=\count510
\c@savedafterword=\count511
\c@annotator=\count512
\c@savedannotator=\count513
\c@author=\count514
\c@savedauthor=\count515
\c@bookauthor=\count516
\c@savedbookauthor=\count517
\c@commentator=\count518
\c@savedcommentator=\count519
\c@editor=\count520
\c@savededitor=\count521
\c@editora=\count522
\c@savededitora=\count523
\c@editorb=\count524
\c@savededitorb=\count525
\c@editorc=\count526
\c@savededitorc=\count527
\c@foreword=\count528
\c@savedforeword=\count529
\c@holder=\count530
\c@savedholder=\count531
\c@introduction=\count532
\c@savedintroduction=\count533
\c@namea=\count534
\c@savednamea=\count535
\c@nameb=\count536
\c@savednameb=\count537
\c@namec=\count538
\c@savednamec=\count539
\c@translator=\count540
\c@savedtranslator=\count541
\c@shortauthor=\count542
\c@savedshortauthor=\count543
\c@shorteditor=\count544
\c@savedshorteditor=\count545
\c@labelname=\count546
\c@savedlabelname=\count547
\c@institution=\count548
\c@savedinstitution=\count549
\c@lista=\count550
\c@savedlista=\count551
\c@listb=\count552
\c@savedlistb=\count553
\c@listc=\count554
\c@savedlistc=\count555
\c@listd=\count556
\c@savedlistd=\count557
\c@liste=\count558
\c@savedliste=\count559
\c@listf=\count560
\c@savedlistf=\count561
\c@location=\count562
\c@savedlocation=\count563
\c@organization=\count564
\c@savedorganization=\count565
\c@origlocation=\count566
\c@savedoriglocation=\count567
\c@origpublisher=\count568
\c@savedorigpublisher=\count569
\c@publisher=\count570
\c@savedpublisher=\count571
\c@language=\count572
\c@savedlanguage=\count573
\c@origlanguage=\count574
\c@savedoriglanguage=\count575
\c@pageref=\count576
\c@savedpageref=\count577
\shorthandwidth=\skip94
\shortjournalwidth=\skip95
\shortserieswidth=\skip96
\shorttitlewidth=\skip97
\shortauthorwidth=\skip98
\shorteditorwidth=\skip99
\locallabelnumberwidth=\skip100
\locallabelalphawidth=\skip101
\localshorthandwidth=\skip102
\localshortjournalwidth=\skip103
\localshortserieswidth=\skip104
\localshorttitlewidth=\skip105
\localshortauthorwidth=\skip106
\localshorteditorwidth=\skip107
Package biblatex Info: Trying to load compatibility code...
Package biblatex Info: ... file 'blx-compat.def' found.

(/usr/share/texlive/texmf-dist/tex/latex/biblatex/blx-compat.def
File: blx-compat.def 2024/03/21 v3.20 biblatex compatibility (PK/MW)
)
Package biblatex Info: Trying to load generic definitions...
Package biblatex Info: ... file 'biblatex.def' found.

(/usr/share/texlive/texmf-dist/tex/latex/biblatex/biblatex.def
File: biblatex.def 2024/03/21 v3.20 biblatex compatibility (PK/MW)
\c@textcitecount=\count578
\c@textcitetotal=\count579
\c@textcitemaxnames=\count580
\c@biburlbigbreakpenalty=\count581
\c@biburlbreakpenalty=\count582
\c@biburlnumpenalty=\count583
\c@biburlucpenalty=\count584
\c@biburllcpenalty=\count585
\biburlbigskip=\muskip19
\biburlnumskip=\muskip20
\biburlucskip=\muskip21
\biburllcskip=\muskip22
\c@smartand=\count586
)
Package biblatex Info: Trying to load mcite-like commands...
Package biblatex Info: ... file 'blx-mcite.def' found.

(/usr/share/texlive/texmf-dist/tex/latex/biblatex/blx-mcite.def
File: blx-mcite.def 2024/03/21 v3.20 biblatex compatibility (PK/MW)
)
Package biblatex Info: Trying to load bibliography style 'numeric'...
Package biblatex Info: ... file 'numeric.bbx' found.

(/usr/share/texlive/texmf-dist/tex/latex/biblatex/bbx/numeric.bbx
File: numeric.bbx 2024/03/21 v3.20 biblatex bibliography style (PK/MW)
Package biblatex Info: Trying to load bibliography style 'standard'...
Package biblatex Info: ... file 'standard.bbx' found.

(/usr/share/texlive/texmf-dist/tex/latex/biblatex/bbx/standard.bbx
File: standard.bbx 2024/03/21 v3.20 biblatex bibliography style (PK/MW)
\c@bbx:relatedcount=\count587
\c@bbx:relatedtotal=\count588
))
Package biblatex Info: Trying to load citation style 'numeric'...
Package biblatex Info: ... file 'numeric.cbx' found.

(/usr/share/texlive/texmf-dist/tex/latex/biblatex/cbx/numeric.cbx
File: numeric.cbx 2024/03/21 v3.20 biblatex citation style (PK/MW)
Package biblatex Info: Redefining '\cite'.
Package biblatex Info: Redefining '\parencite'.
Package biblatex Info: Redefining '\footcite'.
Package biblatex Info: Redefining '\footcitetext'.
Package biblatex Info: Redefining '\smartcite'.
Package biblatex Info: Redefining '\supercite'.
Package biblatex Info: Redefining '\textcite'.
Package biblatex Info: Redefining '\textcites'.
Package biblatex Info: Redefining '\cites'.
Package biblatex Info: Redefining '\parencites'.
Package biblatex Info: Redefining '\smartcites'.
)
Package biblatex Info: Trying to load configuration file...
Package biblatex Info: ... file 'biblatex.cfg' found.

(/usr/share/texlive/texmf-dist/tex/latex/biblatex/biblatex.cfg
File: biblatex.cfg 
)
Package biblatex Info: Input encoding 'utf8' detected.
Package biblatex Info: Document encoding is UTF8 ....
Package biblatex Info: ... and expl3
(biblatex)             2024-05-27 L3 programming layer (loader) 
(biblatex)             is new enough (at least 2020/04/06),
(biblatex)             setting 'casechanger=expl3'.

(/usr/share/texlive/texmf-dist/tex/latex/biblatex/blx-case-expl3.sty
Package: blx-case-expl3 2024/03/21 v3.20 expl3 case changing code for biblatex
))
\blxmset@bibfile=\write6
\openout6 = `Demo_Inria_light169-msets.bib'.

\@float@every@video=\toks78
\c@video=\count589

(/usr/share/texlive/texmf-dist/tex/latex/animate/animate.sty
Package: animate 2023/06/18 PDF & SVG animations from files and inline graphics


(/usr/share/texlive/texmf-dist/tex/latex/oberdiek/ifdraft.sty
Package: ifdraft 2016/05/16 v1.4 Detect class options draft and final (HO)
)
(/usr/share/texlive/texmf-dist/tex/latex/media9/pdfbase.sty
Package: pdfbase 2022/08/04 v0.55 driver independent access to low-level PDF fe
atures
\g_pbs_page_int=\count590
\g_pbs_oc_int=\count591
)
(/usr/share/texlive/texmf-dist/tex/latex/zref/zref-abspage.sty
Package: zref-abspage 2023-09-14 v2.35 Module abspage for zref (HO)

(/usr/share/texlive/texmf-dist/tex/latex/zref/zref-base.sty
Package: zref-base 2023-09-14 v2.35 Module base for zref (HO)

(/usr/share/texlive/texmf-dist/tex/generic/etexcmds/etexcmds.sty
Package: etexcmds 2019/12/15 v1.7 Avoid name clashes with e-TeX commands (HO)
)
(/usr/share/texlive/texmf-dist/tex/latex/auxhook/auxhook.sty
Package: auxhook 2019-12-17 v1.6 Hooks for auxiliary files (HO)
)
Package zref Info: New property list: main on input line 767.
Package zref Info: New property: default on input line 768.
Package zref Info: New property: page on input line 769.
)
\c@abspage=\count592
Package zref Info: New property: abspage on input line 67.
)
(/usr/share/texlive/texmf-dist/tex/latex/ocgx2/ocgbase.sty
Package: ocgbase 2022/08/04 v0.22 support package for ocgx2.sty
\g_ocgbase_nd_int=\count593
)
\@anim@box=\box130
\@anim@measbox=\box131
\@anim@tmpdima=\dimen433
\@anim@tmpdimb=\dimen434
\@anim@num=\count594
\@anim@curframe=\count595
\@anim@curframe@zb=\count596
\@anim@resizeflags=\count597
\@anim@skipfram=\count598
\@anim@mulframecnt=\count599
\@anim@@tmlnfile=\read4
\@anim@tmpcnt=\count600
\c@@anim@ltxcnt=\count601
\@anim@curlayer=\count602
\@anim@lineno=\count603
\@anim@curfield=\count604
\@anim@@resizeflags=\count605
)
(/usr/share/texlive/texmf-dist/tex/latex/beamer/multimedia.sty
Package: multimedia 2012/05/02 ver 0.02

(/usr/share/texlive/texmf-dist/tex/generic/iftex/ifpdf.sty
Package: ifpdf 2019/10/25 v3.4 ifpdf legacy package. Use iftex instead.
)
\mm@movie=\count606
))
(../../resources//UsersMathsCommands.tex)
(../../sources//gotham/beamerthemegotham.sty

LaTeX Warning: You have requested package `../../sources//gotham/beamerthemegot
ham',
               but the package provides `beamerthemegotham'.

Package: beamerthemegotham 2025-02-11 v1.2.1.c A modern, minimal-ish, versatile
 and extendable yet robust theme for Beamer
(../../sources//gotham/beamerfontthemegotham.sty

LaTeX Warning: You have requested package `../../sources//gotham/beamerfontthem
egotham',
               but the package provides `beamerfontthemegotham'.

Package: beamerfontthemegotham 2025-02-11 v1.2.1.c gotham font theme
(/usr/share/texlive/texmf-dist/tex/generic/iftex/ifxetex.sty
Package: ifxetex 2019/10/25 v0.7 ifxetex legacy package. Use iftex instead.
)
(/usr/share/texlive/texmf-dist/tex/generic/iftex/ifluatex.sty
Package: ifluatex 2019/10/25 v1.5 ifluatex legacy package. Use iftex instead.
)
\g_gotham_fontsnotfound_int=\count607


Package gotham Warning: You need to compile with XeLaTeX or LuaLaTeX to use
(gotham)                the Fira fonts.

) (../../sources//gotham/beamercolorthemegotham.sty

LaTeX Warning: You have requested package `../../sources//gotham/beamercolorthe
megotham',
               but the package provides `beamercolorthemegotham'.

Package: beamercolorthemegotham 2025-02-11 v1.2.1.c Gotham color theme
) (../../sources//gotham/beamerinnerthemegotham.sty

LaTeX Warning: You have requested package `../../sources//gotham/beamerinnerthe
megotham',
               but the package provides `beamerinnerthemegotham'.

Package: beamerinnerthemegotham 2025-02-11 v1.2.1.c gotham inner theme
\l__gotham_titleseparator_width_dim=\dimen435
\l__gotham_titleseparator_height_dim=\dimen436
\l__gotham_title_width_dim=\dimen437
\l__gotham_subtitle_width_dim=\dimen438
\l__gotham_title_max_width_dim=\dimen439
\gotham@progressonsectionpage=\skip108
\gothamProgressSectionHeight=\skip109
\sectionhoffset=\skip110
\gotham@blocksep=\skip111
\gotham@blockadjust=\skip112
\gotham@parskip=\skip113
) (../../sources//gotham/beamerouterthemegotham.sty

LaTeX Warning: You have requested package `../../sources//gotham/beamerouterthe
megotham',
               but the package provides `beamerouterthemegotham'.

Package: beamerouterthemegotham 2025-02-11 v1.2.1.c gotham outer theme
(/usr/share/texlive/texmf-dist/tex/latex/l3packages/xfp/xfp.sty
Package: xfp 2024-05-08 L3 Floating point unit
)
\sidebarRightHOffset=\skip114
\sidebarLeftHOffset=\skip115
\gothamFrametitleToppading=\skip116
\gothamFrametitleBottompading=\skip117
\gothamFrametitleLeftpading=\skip118
\gothamFrametitleRightpading=\skip119
\gothamFramesubtitleStrutend=\skip120
\l__gotham_framesubtitle_subnewline_strutend_dim=\dimen440
\gothamFootlineVOffset=\skip121
\gothamFootlineHeight=\skip122
\gothamFootlineDepth=\skip123
\gothamFootlineHRightOffset=\skip124
\gothamLeftFooterPadding=\skip125
\gothamRightFooterPadding=\skip126
\gothamFooterHOffset=\skip127
\gothamFootlineRuleLeftPadding=\skip128
\gothamFootlineRuleHeight=\skip129
\gothamFootlineRuleLength=\skip130
\gothamHposLeftRotFooter=\skip131
\gothamHposRightRotFooter=\skip132
\gothamVposLeftRotFooter=\skip133
\gothamVposRightRotFooter=\skip134
\hlenRightRotFooter=\skip135
\hlenLeftRotFooter=\skip136
\gothamCircleNumberingVshift=\skip137
\gothamCircleNumberingHshift=\skip138
\gotham@temp@heightFrametitle=\skip139
\gotham@temp@PaperheightFrametitle=\skip140
\gotham@temp@MiniframeSubsecDim=\skip141
\gotham@temp@MiniframeSecDim=\skip142
\gotham@progressinheadfoot=\skip143
\gothamProgressHeadFootLineheight=\skip144
\gothamProgressCircHeight=\skip145
\gothamCounterCircleRadius=\skip146
\gothamProgressCircBorderWidth=\skip147
\gothamProgressCircLogoRadius=\skip148
\gothamProgressCircLogoInnerRadius=\skip149
\gothamProgressCircLogoOuterRadius=\skip150
\gothamCounterRadius=\skip151
)
\l_gotham_lookup_cnt=\count608
)

Package gotham Warning: Be aware that format subtitle=titlecase can lead to pro
blems. on input line 57.


Package gotham Warning: Be aware that format frametitle=titlecase can lead to p
roblems. on input line 57.


Package gotham Warning: Be aware that format title=titlecase can lead to proble
ms. on input line 57.


Package gotham Warning: Be aware that format subtitle=titlecase can lead to pro
blems. on input line 57.


Package gotham Warning: Be aware that format frametitle=titlecase can lead to p
roblems. on input line 57.

(../../sources//Inria/beamerthemegothamInria.sty

LaTeX Warning: You have requested package `../../sources//Inria/beamerthemegoth
amInria',
               but the package provides `beamerthemegothamInria'.

Package: beamerthemegothamInria 2024-10-15 v1.0.0.a inria theme
(../../sources//Inria/beamerfontthemeinria.sty

LaTeX Warning: You have requested package `../../sources//Inria/beamerfonttheme
inria',
               but the package provides `beamerfontthemegothamInria'.

Package: beamerfontthemegothamInria 2024-10-15 v1.1.1.a Inria font theme
(/usr/share/texmf/tex/latex/lm/lmodern.sty
Package: lmodern 2015/05/01 v1.6.1 Latin Modern Fonts
LaTeX Font Info:    Overwriting symbol font `operators' in version `normal'
(Font)                  OT1/cmr/m/n --> OT1/lmr/m/n on input line 22.
LaTeX Font Info:    Overwriting symbol font `letters' in version `normal'
(Font)                  OML/cmm/m/it --> OML/lmm/m/it on input line 23.
LaTeX Font Info:    Overwriting symbol font `symbols' in version `normal'
(Font)                  OMS/cmsy/m/n --> OMS/lmsy/m/n on input line 24.
LaTeX Font Info:    Overwriting symbol font `largesymbols' in version `normal'
(Font)                  OMX/cmex/m/n --> OMX/lmex/m/n on input line 25.
LaTeX Font Info:    Overwriting symbol font `operators' in version `bold'
(Font)                  OT1/cmr/bx/n --> OT1/lmr/bx/n on input line 26.
LaTeX Font Info:    Overwriting symbol font `letters' in version `bold'
(Font)                  OML/cmm/b/it --> OML/lmm/b/it on input line 27.
LaTeX Font Info:    Overwriting symbol font `symbols' in version `bold'
(Font)                  OMS/cmsy/b/n --> OMS/lmsy/b/n on input line 28.
LaTeX Font Info:    Overwriting symbol font `largesymbols' in version `bold'
(Font)                  OMX/cmex/m/n --> OMX/lmex/m/n on input line 29.
LaTeX Font Info:    Overwriting math alphabet `\mathbf' in version `normal'
(Font)                  OT1/cmr/bx/n --> OT1/lmr/bx/n on input line 31.
LaTeX Font Info:    Overwriting math alphabet `\mathsf' in version `normal'
(Font)                  OT1/cmss/m/n --> OT1/lmss/m/n on input line 32.
LaTeX Font Info:    Overwriting math alphabet `\mathit' in version `normal'
(Font)                  OT1/cmr/m/it --> OT1/lmr/m/it on input line 33.
LaTeX Font Info:    Overwriting math alphabet `\mathtt' in version `normal'
(Font)                  OT1/cmtt/m/n --> OT1/lmtt/m/n on input line 34.
LaTeX Font Info:    Overwriting math alphabet `\mathbf' in version `bold'
(Font)                  OT1/cmr/bx/n --> OT1/lmr/bx/n on input line 35.
LaTeX Font Info:    Overwriting math alphabet `\mathsf' in version `bold'
(Font)                  OT1/cmss/bx/n --> OT1/lmss/bx/n on input line 36.
LaTeX Font Info:    Overwriting math alphabet `\mathit' in version `bold'
(Font)                  OT1/cmr/bx/it --> OT1/lmr/bx/it on input line 37.
LaTeX Font Info:    Overwriting math alphabet `\mathtt' in version `bold'
(Font)                  OT1/cmtt/m/n --> OT1/lmtt/m/n on input line 38.
))
(/usr/share/texlive/texmf-dist/tex/latex/microtype/microtype.sty
Package: microtype 2024/03/29 v3.1b Micro-typographical refinements (RS)
\MT@toks=\toks79
\MT@tempbox=\box132
\MT@count=\count609
LaTeX Info: Redefining \noprotrusionifhmode on input line 1061.
LaTeX Info: Redefining \leftprotrusion on input line 1062.
\MT@prot@toks=\toks80
LaTeX Info: Redefining \rightprotrusion on input line 1081.
LaTeX Info: Redefining \textls on input line 1392.
\MT@outer@kern=\dimen441
LaTeX Info: Redefining \textmicrotypecontext on input line 2013.
\MT@listname@count=\count610

(/usr/share/texlive/texmf-dist/tex/latex/microtype/microtype-pdftex.def
File: microtype-pdftex.def 2024/03/29 v3.1b Definitions specific to pdftex (RS)

LaTeX Info: Redefining \lsstyle on input line 902.
LaTeX Info: Redefining \lslig on input line 902.
\MT@outer@space=\skip152
)
Package microtype Info: Loading configuration file microtype.cfg.

(/usr/share/texlive/texmf-dist/tex/latex/microtype/microtype.cfg
File: microtype.cfg 2024/03/29 v3.1b microtype main configuration file (RS)
))
(../../sources//Inria/beamercolorthemeinria.sty

LaTeX Warning: You have requested package `../../sources//Inria/beamercolorthem
einria',
               but the package provides `beamercolorthemegothamInria'.

Package: beamercolorthemegothamInria 2024-10-15 v1.1.1.a Inria color theme
) (../../sources//Inria/beamerinnerthemeinria.sty

LaTeX Warning: You have requested package `../../sources//Inria/beamerinnerthem
einria',
               but the package provides `beamerinnerthemegothamInria'.

Package: beamerinnerthemegothamInria 2024-10-15 v1.0.0.a Inria inner theme
) (../../sources//Inria/beamerouterthemeinria.sty

LaTeX Warning: You have requested package `../../sources//Inria/beamerouterthem
einria',
               but the package provides `beamerouterthemegothaminria'.

Package: beamerouterthemegothaminria 2024-10-15 v1.0.0.a inria outer theme
\inriaFrametitleHeight=\skip153
))

Package gotham Warning: Be aware that format title=titlecase can lead to proble
ms. on input line 62.


Package gotham Warning: Be aware that format subtitle=titlecase can lead to pro
blems. on input line 62.


Package gotham Warning: Be aware that format frametitle=titlecase can lead to p
roblems. on input line 62.


Package gotham Warning: Be aware that format title=titlecase can lead to proble
ms. on input line 62.


Package gotham Warning: Be aware that format subtitle=titlecase can lead to pro
blems. on input line 62.


Package gotham Warning: Be aware that format frametitle=titlecase can lead to p
roblems. on input line 62.

(/usr/share/texlive/texmf-dist/tex/latex/ccicons/ccicons.sty
Package: ccicons 2017/10/30 v1.6 LaTeX support for Creative Commons icons
)
Package translations Info: No language package found. I am going to use `englis
h' as default language. on input line 99.
\@quotelevel=\count611
\@quotereset=\count612
LaTeX Font Info:    Trying to load font information for T1+lmss on input line 9
9.

(/usr/share/texmf/tex/latex/lm/t1lmss.fd
File: t1lmss.fd 2015/05/01 v1.6.1 Font defs for Latin Modern
)
No file Demo_Inria_light169.aux.
\openout1 = `Demo_Inria_light169.aux'.

LaTeX Font Info:    Checking defaults for OML/cmm/m/it on input line 99.
LaTeX Font Info:    ... okay on input line 99.
LaTeX Font Info:    Checking defaults for OMS/cmsy/m/n on input line 99.
LaTeX Font Info:    ... okay on input line 99.
LaTeX Font Info:    Checking defaults for OT1/cmr/m/n on input line 99.
LaTeX Font Info:    ... okay on input line 99.
LaTeX Font Info:    Checking defaults for T1/cmr/m/n on input line 99.
LaTeX Font Info:    ... okay on input line 99.
LaTeX Font Info:    Checking defaults for TS1/cmr/m/n on input line 99.
LaTeX Font Info:    ... okay on input line 99.
LaTeX Font Info:    Checking defaults for OMX/cmex/m/n on input line 99.
LaTeX Font Info:    ... okay on input line 99.
LaTeX Font Info:    Checking defaults for U/cmr/m/n on input line 99.
LaTeX Font Info:    ... okay on input line 99.
LaTeX Font Info:    Checking defaults for PD1/pdf/m/n on input line 99.
LaTeX Font Info:    ... okay on input line 99.
LaTeX Font Info:    Checking defaults for PU/pdf/m/n on input line 99.
LaTeX Font Info:    ... okay on input line 99.
*geometry* driver: auto-detecting
*geometry* detected driver: pdftex
*geometry* verbose mode - [ preamble ] result:
* driver: pdftex
* paper: custom
* layout: <same size as paper>
* layoutoffset:(h,v)=(0.0pt,0.0pt)
* modes: includehead includefoot 
* h-part:(L,W,R)=(28.45274pt, 398.3386pt, 28.45274pt)
* v-part:(T,H,B)=(0.0pt, 256.0748pt, 0.0pt)
* \paperwidth=455.24408pt
* \paperheight=256.0748pt
* \textwidth=398.3386pt
* \textheight=227.62207pt
* \oddsidemargin=-43.81725pt
* \evensidemargin=-43.81725pt
* \topmargin=-72.26999pt
* \headheight=14.22636pt
* \headsep=0.0pt
* \topskip=10.0pt
* \footskip=14.22636pt
* \marginparwidth=3.0pt
* \marginparsep=11.0pt
* \columnsep=10.0pt
* \skip\footins=9.0pt plus 4.0pt minus 2.0pt
* \hoffset=0.0pt
* \voffset=0.0pt
* \mag=1000
* \@twocolumnfalse
* \@twosidefalse
* \@mparswitchfalse
* \@reversemarginfalse
* (1in=72.27pt=25.4mm, 1cm=28.453pt)

(/usr/share/texlive/texmf-dist/tex/context/base/mkii/supp-pdf.mkii
[Loading MPS to PDF converter (version 2006.09.02).]
\scratchcounter=\count613
\scratchdimen=\dimen442
\scratchbox=\box133
\nofMPsegments=\count614
\nofMParguments=\count615
\everyMPshowfont=\toks81
\MPscratchCnt=\count616
\MPscratchDim=\dimen443
\MPnumerator=\count617
\makeMPintoPDFobject=\count618
\everyMPtoPDFconversion=\toks82
) (/usr/share/texlive/texmf-dist/tex/latex/epstopdf-pkg/epstopdf-base.sty
Package: epstopdf-base 2020-01-24 v2.11 Base part for package epstopdf
Package epstopdf-base Info: Redefining graphics rule for `.eps' on input line 4
85.

(/usr/share/texlive/texmf-dist/tex/latex/latexconfig/epstopdf-sys.cfg
File: epstopdf-sys.cfg 2010/07/13 v1.3 Configuration of (r)epstopdf for TeX Liv
e
))
Package hyperref Info: Link coloring OFF on input line 99.
\@outlinefile=\write7
\openout7 = `Demo_Inria_light169.out'.

LaTeX Font Info:    Overwriting symbol font `operators' in version `normal'
(Font)                  OT1/lmr/m/n --> OT1/cmss/m/n on input line 99.
LaTeX Font Info:    Overwriting symbol font `operators' in version `bold'
(Font)                  OT1/lmr/bx/n --> OT1/cmss/b/n on input line 99.
LaTeX Font Info:    Overwriting symbol font `operators' in version `normal'
(Font)                  OT1/cmss/m/n --> OT1/lmss/m/n on input line 99.
LaTeX Font Info:    Overwriting symbol font `operators' in version `bold'
(Font)                  OT1/cmss/b/n --> OT1/lmss/b/n on input line 99.
\symnumbers=\mathgroup7
\sympureletters=\mathgroup8
LaTeX Font Info:    Overwriting math alphabet `\mathrm' in version `normal'
(Font)                  OT1/lmss/m/n --> T1/lmr/m/n on input line 99.
LaTeX Font Info:    Redeclaring math alphabet \mathbf on input line 99.
LaTeX Font Info:    Overwriting math alphabet `\mathbf' in version `normal'
(Font)                  OT1/lmr/bx/n --> T1/lmss/b/n on input line 99.
LaTeX Font Info:    Overwriting math alphabet `\mathbf' in version `bold'
(Font)                  OT1/lmr/bx/n --> T1/lmss/b/n on input line 99.
LaTeX Font Info:    Redeclaring math alphabet \mathsf on input line 99.
LaTeX Font Info:    Overwriting math alphabet `\mathsf' in version `normal'
(Font)                  OT1/lmss/m/n --> T1/lmss/m/n on input line 99.
LaTeX Font Info:    Overwriting math alphabet `\mathsf' in version `bold'
(Font)                  OT1/lmss/bx/n --> T1/lmss/m/n on input line 99.
LaTeX Font Info:    Redeclaring math alphabet \mathit on input line 99.
LaTeX Font Info:    Overwriting math alphabet `\mathit' in version `normal'
(Font)                  OT1/lmr/m/it --> T1/lmss/m/it on input line 99.
LaTeX Font Info:    Overwriting math alphabet `\mathit' in version `bold'
(Font)                  OT1/lmr/bx/it --> T1/lmss/m/it on input line 99.
LaTeX Font Info:    Redeclaring math alphabet \mathtt on input line 99.
LaTeX Font Info:    Overwriting math alphabet `\mathtt' in version `normal'
(Font)                  OT1/lmtt/m/n --> T1/lmtt/m/n on input line 99.
LaTeX Font Info:    Overwriting math alphabet `\mathtt' in version `bold'
(Font)                  OT1/lmtt/m/n --> T1/lmtt/m/n on input line 99.
LaTeX Font Info:    Overwriting symbol font `numbers' in version `bold'
(Font)                  T1/lmss/m/n --> T1/lmss/b/n on input line 99.
LaTeX Font Info:    Overwriting symbol font `pureletters' in version `bold'
(Font)                  T1/lmss/m/it --> T1/lmss/b/it on input line 99.
LaTeX Font Info:    Overwriting math alphabet `\mathrm' in version `bold'
(Font)                  OT1/lmss/b/n --> T1/lmr/b/n on input line 99.
LaTeX Font Info:    Overwriting math alphabet `\mathbf' in version `bold'
(Font)                  T1/lmss/b/n --> T1/lmss/b/n on input line 99.
LaTeX Font Info:    Overwriting math alphabet `\mathsf' in version `bold'
(Font)                  T1/lmss/m/n --> T1/lmss/b/n on input line 99.
LaTeX Font Info:    Overwriting math alphabet `\mathit' in version `bold'
(Font)                  T1/lmss/m/it --> T1/lmss/b/it on input line 99.
LaTeX Font Info:    Overwriting math alphabet `\mathtt' in version `bold'
(Font)                  T1/lmtt/m/n --> T1/lmtt/b/n on input line 99.

(/usr/share/texlive/texmf-dist/tex/latex/translator/translator-basic-dictionary
-English.dict
Dictionary: translator-basic-dictionary, Language: English 
)
(/usr/share/texlive/texmf-dist/tex/latex/translator/translator-bibliography-dic
tionary-English.dict
Dictionary: translator-bibliography-dictionary, Language: English 
)
(/usr/share/texlive/texmf-dist/tex/latex/translator/translator-environment-dict
ionary-English.dict
Dictionary: translator-environment-dictionary, Language: English 
)
(/usr/share/texlive/texmf-dist/tex/latex/translator/translator-months-dictionar
y-English.dict
Dictionary: translator-months-dictionary, Language: English 
)
(/usr/share/texlive/texmf-dist/tex/latex/translator/translator-numbers-dictiona
ry-English.dict
Dictionary: translator-numbers-dictionary, Language: English 
)
(/usr/share/texlive/texmf-dist/tex/latex/translator/translator-theorem-dictiona
ry-English.dict
Dictionary: translator-theorem-dictionary, Language: English 
)
Package nag Info: Command \RaggedLeft not defined, skipping amendment on input 
line 99.
Package nag Info: Command \RaggedRight not defined, skipping amendment on input
 line 99.
Package caption Info: Begin \AtBeginDocument code.
Package caption Info: longtable package is loaded.
 (/usr/share/texlive/texmf-dist/tex/latex/caption/ltcaption.sty
Package: ltcaption 2021/01/08 v1.4c longtable captions (AR)
)
Package caption Info: supertabular package is loaded.
Package caption Info: End \AtBeginDocument code.

Package pgfplots notification 'compat/show suggested version=true': document ha
s been generated with the most recent feature set (\pgfplotsset{compat=1.18}).

(/usr/share/texlive/texmf-dist/tex/latex/ninecolors/ninecolors.sty
Package: ninecolors 2022-02-13 v2022D Select colors with proper color contrast
)
(/usr/share/texlive/texmf-dist/tex/latex/translations/translations-basic-dictio
nary-english.trsl
File: translations-basic-dictionary-english.trsl (english translation file `tra
nslations-basic-dictionary')
)
Package translations Info: loading dictionary `translations-basic-dictionary' f
or `english'. on input line 99.
Package biblatex Info: Trying to load language 'english'...
Package biblatex Info: ... file 'english.lbx' found.

(/usr/share/texlive/texmf-dist/tex/latex/biblatex/lbx/english.lbx
File: english.lbx 2024/03/21 v3.20 biblatex localization (PK/MW)
)
Package biblatex Info: Input encoding 'utf8' detected.
Package biblatex Info: Automatic encoding selection.
(biblatex)             Assuming data encoding 'utf8'.
\openout5 = `Demo_Inria_light169.bcf'.

Package biblatex Info: Trying to load bibliographic data...
Package biblatex Info: ... file 'Demo_Inria_light169.bbl' not found.

No file Demo_Inria_light169.bbl.
Package biblatex Info: Reference section=0 on input line 99.
Package biblatex Info: Reference segment=0 on input line 99.
LaTeX Info: Redefining \microtypecontext on input line 99.
Package microtype Info: Applying patch `item' on input line 99.
Package microtype Info: Applying patch `toc' on input line 99.
Package microtype Info: Applying patch `eqnum' on input line 99.
Package microtype Info: Applying patch `footnote' on input line 99.
Package microtype Info: Applying patch `verbatim' on input line 99.
Package microtype Info: Generating PDF output.
Package microtype Info: Character protrusion enabled (level 2).
Package microtype Info: Using default protrusion set `alltext'.
Package microtype Info: Automatic font expansion enabled (level 2),
(microtype)             stretch: 20, shrink: 20, step: 1, non-selected.
Package microtype Info: Using default expansion set `alltext-nott'.
LaTeX Info: Redefining \showhyphens on input line 99.
Package microtype Info: No adjustment of tracking.
Package microtype Info: No adjustment of interword spacing.
Package microtype Info: No adjustment of character kerning.
Package microtype Info: Loading generic protrusion settings for font family
(microtype)             `lmss' (encoding: T1).
(microtype)             For optimal results, create family-specific settings.
(microtype)             See the microtype manual for details.
No file Demo_Inria_light169.nav.
<../../sources//UGE/logos/UGE-logo.pdf, id=18, 391.4625pt x 82.3075pt>
File: ../../sources//UGE/logos/UGE-logo.pdf Graphic file (type pdf)
<use ../../sources//UGE/logos/UGE-logo.pdf>
Package pdftex.def Info: ../../sources//UGE/logos/UGE-logo.pdf  used on input l
ine 110.
(pdftex.def)             Requested size: 97.4353pt x 20.48645pt.
<../../sources//Inria/logos/cropped-header2.png, id=19, 722.7pt x 65.49469pt>
File: ../../sources//Inria/logos/cropped-header2.png Graphic file (type png)
<use ../../sources//Inria/logos/cropped-header2.png>
Package pdftex.def Info: ../../sources//Inria/logos/cropped-header2.png  used o
n input line 110.
(pdftex.def)             Requested size: 304.05022pt x 27.55492pt.
LaTeX Font Info:    Trying to load font information for OT1+lmss on input line 
110.
(/usr/share/texmf/tex/latex/lm/ot1lmss.fd
File: ot1lmss.fd 2015/05/01 v1.6.1 Font defs for Latin Modern
)
Package microtype Info: Loading generic protrusion settings for font family
(microtype)             `lmss' (encoding: OT1).
(microtype)             For optimal results, create family-specific settings.
(microtype)             See the microtype manual for details.
LaTeX Font Info:    Trying to load font information for OML+lmm on input line 1
10.

(/usr/share/texmf/tex/latex/lm/omllmm.fd
File: omllmm.fd 2015/05/01 v1.6.1 Font defs for Latin Modern
)
LaTeX Font Info:    Trying to load font information for OMS+lmsy on input line 
110.

(/usr/share/texmf/tex/latex/lm/omslmsy.fd
File: omslmsy.fd 2015/05/01 v1.6.1 Font defs for Latin Modern
)
LaTeX Font Info:    Trying to load font information for OMX+lmex on input line 
110.

(/usr/share/texmf/tex/latex/lm/omxlmex.fd
File: omxlmex.fd 2015/05/01 v1.6.1 Font defs for Latin Modern
)
LaTeX Font Info:    External font `lmex10' loaded for size
(Font)              <9> on input line 110.
LaTeX Font Info:    External font `lmex10' loaded for size
(Font)              <6> on input line 110.
LaTeX Font Info:    External font `lmex10' loaded for size
(Font)              <5> on input line 110.
LaTeX Font Info:    Trying to load font information for U+msa on input line 110
.

(/usr/share/texlive/texmf-dist/tex/latex/amsfonts/umsa.fd
File: umsa.fd 2013/01/14 v3.01 AMS symbols A
)
(/usr/share/texlive/texmf-dist/tex/latex/microtype/mt-msa.cfg
File: mt-msa.cfg 2006/02/04 v1.1 microtype config. file: AMS symbols (a) (RS)
)
LaTeX Font Info:    Trying to load font information for U+msb on input line 110
.

(/usr/share/texlive/texmf-dist/tex/latex/amsfonts/umsb.fd
File: umsb.fd 2013/01/14 v3.01 AMS symbols B
)
(/usr/share/texlive/texmf-dist/tex/latex/microtype/mt-msb.cfg
File: mt-msb.cfg 2005/06/01 v1.0 microtype config. file: AMS symbols (b) (RS)
)
LaTeX Font Info:    Trying to load font information for U+stmry on input line 1
10.

(/usr/share/texlive/texmf-dist/tex/latex/stmaryrd/Ustmry.fd)
LaTeX Font Info:    Font shape `T1/lmss/m/it' in size <9> not available
(Font)              Font shape `T1/lmss/m/sl' tried instead on input line 110.
LaTeX Font Info:    Font shape `T1/lmss/m/it' in size <6> not available
(Font)              Font shape `T1/lmss/m/sl' tried instead on input line 110.
LaTeX Font Info:    Font shape `T1/lmss/m/it' in size <5> not available
(Font)              Font shape `T1/lmss/m/sl' tried instead on input line 110.
LaTeX Font Info:    External font `lmex10' loaded for size
(Font)              <7> on input line 110.
LaTeX Font Info:    Font shape `T1/lmss/m/it' in size <7> not available
(Font)              Font shape `T1/lmss/m/sl' tried instead on input line 110.
LaTeX Font Info:    External font `lmex10' loaded for size
(Font)              <10> on input line 110.
LaTeX Font Info:    Font shape `T1/lmss/m/it' in size <10> not available
(Font)              Font shape `T1/lmss/m/sl' tried instead on input line 110.


[1

{/var/lib/texmf/fonts/map/pdftex/updmap/pdftex.map}{/usr/share/texmf/fonts/enc/
dvips/lm/lm-ec.enc} <../../sources//Inria//logos/inr_logo_blanc.pdf> <../../sou
rces//UGE/logos/UGE-logo.pdf> <../../sources//Inria/logos/cropped-header2.png>]

No file Demo_Inria_light169.toc.
LaTeX Font Info:    External font `lmex10' loaded for size
(Font)              <12> on input line 115.
LaTeX Font Info:    External font `lmex10' loaded for size
(Font)              <8> on input line 115.
LaTeX Font Info:    Font shape `T1/lmss/m/it' in size <12> not available
(Font)              Font shape `T1/lmss/m/sl' tried instead on input line 115.
LaTeX Font Info:    Font shape `T1/lmss/m/it' in size <8> not available
(Font)              Font shape `T1/lmss/m/sl' tried instead on input line 115.


[2

] (../gotham-example//section-Beamer.tex

[3

]
No file Demo_Inria_light169.toc.


[4

]
\openout4 = `Demo_Inria_light169.vrb'.

 (/home/hamid/Stage_Inria_dynamique/out/Demo_Inria_light169.vrb
LaTeX Font Info:    Trying to load font information for T1+lmtt on input line 3
.

(/usr/share/texmf/tex/latex/lm/t1lmtt.fd
File: t1lmtt.fd 2015/05/01 v1.6.1 Font defs for Latin Modern
)
Package microtype Info: Loading generic protrusion settings for font family
(microtype)             `lmtt' (encoding: T1).
(microtype)             For optimal results, create family-specific settings.
(microtype)             See the microtype manual for details.

Overfull \hbox (5.91023pt too wide) in paragraph at lines 13--13
[]   \T1/lmtt/m/n/10 \titlegraphic{\hfill\includegraphics[height=1.5cm, draft]{
Title_logo.pdf}}[] 
 []

)

File: ../../sources//UGE/logos/UGE-logo.pdf Graphic file (type pdf)
<use ../../sources//UGE/logos/UGE-logo.pdf>
Package pdftex.def Info: ../../sources//UGE/logos/UGE-logo.pdf  used on input l
ine 76.
(pdftex.def)             Requested size: 67.65875pt x 14.22636pt.
[5

 <../../sources//Inria//logos/inr_logo_rouge.pdf>]
\openout4 = `Demo_Inria_light169.vrb'.


(/home/hamid/Stage_Inria_dynamique/out/Demo_Inria_light169.vrb)

File: ../../sources//UGE/logos/UGE-logo.pdf Graphic file (type pdf)
<use ../../sources//UGE/logos/UGE-logo.pdf>
Package pdftex.def Info: ../../sources//UGE/logos/UGE-logo.pdf  used on input l
ine 91.
(pdftex.def)             Requested size: 67.65875pt x 14.22636pt.
[6

]
\openout4 = `Demo_Inria_light169.vrb'.

 (/home/hamid/Stage_Inria_dynamique/out/Demo_Inria_light169.vrb)

File: ../../sources//UGE/logos/UGE-logo.pdf Graphic file (type pdf)
<use ../../sources//UGE/logos/UGE-logo.pdf>
Package pdftex.def Info: ../../sources//UGE/logos/UGE-logo.pdf  used on input l
ine 98.
(pdftex.def)             Requested size: 67.65875pt x 14.22636pt.
[7

]
\openout4 = `Demo_Inria_light169.vrb'.

 (/home/hamid/Stage_Inria_dynamique/out/Demo_Inria_light169.vrb)

File: ../../sources//UGE/logos/UGE-logo.pdf Graphic file (type pdf)
<use ../../sources//UGE/logos/UGE-logo.pdf>
Package pdftex.def Info: ../../sources//UGE/logos/UGE-logo.pdf  used on input l
ine 112.
(pdftex.def)             Requested size: 67.65875pt x 14.22636pt.
[8

]
LaTeX Font Info:    Trying to load font information for T1+lmr on input line 12
8.
 (/usr/share/texmf/tex/latex/lm/t1lmr.fd
File: t1lmr.fd 2015/05/01 v1.6.1 Font defs for Latin Modern
)

LaTeX Font Warning: Font shape `T1/lmss/m/sc' in size <10> not available
(Font)              Font shape `T1/lmr/m/sc' tried instead on input line 128.

(/usr/share/texlive/texmf-dist/tex/latex/microtype/mt-cmr.cfg
File: mt-cmr.cfg 2013/05/19 v2.2 microtype config. file: Computer Modern Roman 
(RS)
)
Package microtype Info: Character `029' is missing
(microtype)             in font `T1/lmr/m/sc/10'.
(microtype)             Ignoring protrusion settings for this character.
LaTeX Font Info:    Font shape `T1/lmss/bx/it' in size <10> not available
(Font)              Font shape `T1/lmss/bx/sl' tried instead on input line 128.



LaTeX Font Warning: Font shape `T1/lmss/bx/sc' undefined
(Font)              using `T1/lmss/bx/n' instead on input line 128.

LaTeX Font Info:    Font shape `T1/lmtt/bx/n' in size <10> not available
(Font)              Font shape `T1/lmtt/b/n' tried instead on input line 128.

LaTeX Font Warning: Font shape `T1/lmtt/bx/it' in size <10> not available
(Font)              Font shape `T1/lmtt/b/sl' tried instead on input line 128.



File: ../../sources//UGE/logos/UGE-logo.pdf Graphic file (type pdf)
<use ../../sources//UGE/logos/UGE-logo.pdf>
Package pdftex.def Info: ../../sources//UGE/logos/UGE-logo.pdf  used on input l
ine 128.
(pdftex.def)             Requested size: 67.65875pt x 14.22636pt.
[9

{/usr/share/texmf/fonts/enc/dvips/lm/lm-mathsy.enc}]
LaTeX Font Info:    Calculating math sizes for size <4> on input line 160.
LaTeX Font Info:    External font `lmex10' loaded for size
(Font)              <4> on input line 160.
LaTeX Font Info:    External font `lmex10' loaded for size
(Font)              <2.79999> on input line 160.
LaTeX Font Info:    External font `lmex10' loaded for size
(Font)              <2> on input line 160.


LaTeX Font Warning: Font shape `U/stmry/m/n' in size <4> not available
(Font)              size <5> substituted on input line 160.


LaTeX Font Warning: Font shape `U/stmry/m/n' in size <2.79999> not available
(Font)              size <5> substituted on input line 160.


LaTeX Font Warning: Font shape `U/stmry/m/n' in size <2> not available
(Font)              size <5> substituted on input line 160.

LaTeX Font Info:    Font shape `T1/lmss/m/it' in size <4> not available
(Font)              Font shape `T1/lmss/m/sl' tried instead on input line 160.
LaTeX Font Info:    Font shape `T1/lmss/m/it' in size <2.79999> not available
(Font)              Font shape `T1/lmss/m/sl' tried instead on input line 160.
LaTeX Font Info:    Font shape `T1/lmss/m/it' in size <2> not available
(Font)              Font shape `T1/lmss/m/sl' tried instead on input line 160.


File: ../../sources//UGE/logos/UGE-logo.pdf Graphic file (type pdf)
<use ../../sources//UGE/logos/UGE-logo.pdf>
Package pdftex.def Info: ../../sources//UGE/logos/UGE-logo.pdf  used on input l
ine 160.
(pdftex.def)             Requested size: 67.65875pt x 14.22636pt.
[10

]

File: ../../sources//UGE/logos/UGE-logo.pdf Graphic file (type pdf)
<use ../../sources//UGE/logos/UGE-logo.pdf>
Package pdftex.def Info: ../../sources//UGE/logos/UGE-logo.pdf  used on input l
ine 169.
(pdftex.def)             Requested size: 67.65875pt x 14.22636pt.
[11

]

File: ../../sources//UGE/logos/UGE-logo.pdf Graphic file (type pdf)
<use ../../sources//UGE/logos/UGE-logo.pdf>
Package pdftex.def Info: ../../sources//UGE/logos/UGE-logo.pdf  used on input l
ine 169.
(pdftex.def)             Requested size: 67.65875pt x 14.22636pt.
[12

]

File: ../../sources//UGE/logos/UGE-logo.pdf Graphic file (type pdf)
<use ../../sources//UGE/logos/UGE-logo.pdf>
Package pdftex.def Info: ../../sources//UGE/logos/UGE-logo.pdf  used on input l
ine 169.
(pdftex.def)             Requested size: 67.65875pt x 14.22636pt.
[13

]

File: ../../sources//UGE/logos/UGE-logo.pdf Graphic file (type pdf)
<use ../../sources//UGE/logos/UGE-logo.pdf>
Package pdftex.def Info: ../../sources//UGE/logos/UGE-logo.pdf  used on input l
ine 169.
(pdftex.def)             Requested size: 67.65875pt x 14.22636pt.
[14

]
\openout4 = `Demo_Inria_light169.vrb'.

 (/home/hamid/Stage_Inria_dynamique/out/Demo_Inria_light169.vrb)

File: ../../sources//UGE/logos/UGE-logo.pdf Graphic file (type pdf)
<use ../../sources//UGE/logos/UGE-logo.pdf>
Package pdftex.def Info: ../../sources//UGE/logos/UGE-logo.pdf  used on input l
ine 187.
(pdftex.def)             Requested size: 67.65875pt x 14.22636pt.
[15

]
\openout4 = `Demo_Inria_light169.vrb'.

 (/home/hamid/Stage_Inria_dynamique/out/Demo_Inria_light169.vrb)

File: ../../sources//UGE/logos/UGE-logo.pdf Graphic file (type pdf)
<use ../../sources//UGE/logos/UGE-logo.pdf>
Package pdftex.def Info: ../../sources//UGE/logos/UGE-logo.pdf  used on input l
ine 209.
(pdftex.def)             Requested size: 67.65875pt x 14.22636pt.
[16

]
\c@density=\count619


File: ../../sources//UGE/logos/UGE-logo.pdf Graphic file (type pdf)
<use ../../sources//UGE/logos/UGE-logo.pdf>
Package pdftex.def Info: ../../sources//UGE/logos/UGE-logo.pdf  used on input l
ine 238.
(pdftex.def)             Requested size: 67.65875pt x 14.22636pt.
[17

]

File: ../../sources//UGE/logos/UGE-logo.pdf Graphic file (type pdf)
<use ../../sources//UGE/logos/UGE-logo.pdf>
Package pdftex.def Info: ../../sources//UGE/logos/UGE-logo.pdf  used on input l
ine 256.
(pdftex.def)             Requested size: 67.65875pt x 14.22636pt.
[18

]

File: ../../sources//UGE/logos/UGE-logo.pdf Graphic file (type pdf)
<use ../../sources//UGE/logos/UGE-logo.pdf>
Package pdftex.def Info: ../../sources//UGE/logos/UGE-logo.pdf  used on input l
ine 273.
(pdftex.def)             Requested size: 67.65875pt x 14.22636pt.
[19

]

File: ../../sources//UGE/logos/UGE-logo.pdf Graphic file (type pdf)
<use ../../sources//UGE/logos/UGE-logo.pdf>
Package pdftex.def Info: ../../sources//UGE/logos/UGE-logo.pdf  used on input l
ine 280.
(pdftex.def)             Requested size: 67.65875pt x 14.22636pt.
[20

{/usr/share/texmf/fonts/enc/dvips/lm/lm-rm.enc}{/usr/share/texmf/fonts/enc/dvip
s/lm/lm-mathex.enc}]
Missing character: There is no . in font nullfont!
Missing character: There is no 0 in font nullfont!
Missing character: There is no 1 in font nullfont!
Missing character: There is no p in font nullfont!
Missing character: There is no t in font nullfont!


File: ../../sources//UGE/logos/UGE-logo.pdf Graphic file (type pdf)
<use ../../sources//UGE/logos/UGE-logo.pdf>
Package pdftex.def Info: ../../sources//UGE/logos/UGE-logo.pdf  used on input l
ine 299.
(pdftex.def)             Requested size: 67.65875pt x 14.22636pt.
[21

]

File: ../../sources//UGE/logos/UGE-logo.pdf Graphic file (type pdf)
<use ../../sources//UGE/logos/UGE-logo.pdf>
Package pdftex.def Info: ../../sources//UGE/logos/UGE-logo.pdf  used on input l
ine 326.
(pdftex.def)             Requested size: 67.65875pt x 14.22636pt.
[22

{/usr/share/texmf/fonts/enc/dvips/lm/lm-mathit.enc}]

File: ../../sources//UGE/logos/UGE-logo.pdf Graphic file (type pdf)
<use ../../sources//UGE/logos/UGE-logo.pdf>
Package pdftex.def Info: ../../sources//UGE/logos/UGE-logo.pdf  used on input l
ine 334.
(pdftex.def)             Requested size: 67.65875pt x 14.22636pt.
[23

]
\openout4 = `Demo_Inria_light169.vrb'.

 (/home/hamid/Stage_Inria_dynamique/out/Demo_Inria_light169.vrb

LaTeX Warning: Citation 'Knuth92' on page 24 undefined on input line 2.


LaTeX Warning: Citation 'ConcreteMath' on page 24 undefined on input line 2.


LaTeX Warning: Citation 'Simpson' on page 24 undefined on input line 2.


LaTeX Warning: Citation 'Er01' on page 24 undefined on input line 2.


LaTeX Warning: Citation 'greenwade93' on page 24 undefined on input line 2.

)

File: ../../sources//UGE/logos/UGE-logo.pdf Graphic file (type pdf)
<use ../../sources//UGE/logos/UGE-logo.pdf>
Package pdftex.def Info: ../../sources//UGE/logos/UGE-logo.pdf  used on input l
ine 339.
(pdftex.def)             Requested size: 67.65875pt x 14.22636pt.
[24

]

File: ../../sources//UGE/logos/UGE-logo.pdf Graphic file (type pdf)
<use ../../sources//UGE/logos/UGE-logo.pdf>
Package pdftex.def Info: ../../sources//UGE/logos/UGE-logo.pdf  used on input l
ine 377.
(pdftex.def)             Requested size: 67.65875pt x 14.22636pt.
[25

]

File: ../../sources//UGE/logos/UGE-logo.pdf Graphic file (type pdf)
<use ../../sources//UGE/logos/UGE-logo.pdf>
Package pdftex.def Info: ../../sources//UGE/logos/UGE-logo.pdf  used on input l
ine 377.
(pdftex.def)             Requested size: 67.65875pt x 14.22636pt.
[26


]) (../gotham-example//section-Gotham.tex

[27

]
No file Demo_Inria_light169.toc.


[28

]
\openout4 = `Demo_Inria_light169.vrb'.

 (/home/hamid/Stage_Inria_dynamique/out/Demo_Inria_light169.vrb)

File: ../../sources//UGE/logos/UGE-logo.pdf Graphic file (type pdf)
<use ../../sources//UGE/logos/UGE-logo.pdf>
Package pdftex.def Info: ../../sources//UGE/logos/UGE-logo.pdf  used on input l
ine 38.
(pdftex.def)             Requested size: 67.65875pt x 14.22636pt.
[29

]

[30

]
No file Demo_Inria_light169.toc.


[31

]
\openout4 = `Demo_Inria_light169.vrb'.

 (/home/hamid/Stage_Inria_dynamique/out/Demo_Inria_light169.vrb)

File: ../../sources//UGE/logos/UGE-logo.pdf Graphic file (type pdf)
<use ../../sources//UGE/logos/UGE-logo.pdf>
Package pdftex.def Info: ../../sources//UGE/logos/UGE-logo.pdf  used on input l
ine 67.
(pdftex.def)             Requested size: 67.65875pt x 14.22636pt.
[32

]

Package gotham Warning: Be aware that format title=titlecase can lead to proble
ms. on input line 69.


Package gotham Warning: Be aware that format subtitle=titlecase can lead to pro
blems. on input line 69.


Package gotham Warning: Be aware that format frametitle=titlecase can lead to p
roblems. on input line 69.


Package gotham Warning: Be aware that format title=titlecase can lead to proble
ms. on input line 69.


Package gotham Warning: Be aware that format subtitle=titlecase can lead to pro
blems. on input line 69.


Package gotham Warning: Be aware that format frametitle=titlecase can lead to p
roblems. on input line 69.


LaTeX Font Warning: Font shape `T1/lmss/m/sc' in size <12> not available
(Font)              Font shape `T1/lmr/m/sc' tried instead on input line 81.

Package microtype Info: Character `029' is missing
(microtype)             in font `T1/lmr/m/sc/12'.
(microtype)             Ignoring protrusion settings for this character.


File: ../../sources//UGE/logos/UGE-logo.pdf Graphic file (type pdf)
<use ../../sources//UGE/logos/UGE-logo.pdf>
Package pdftex.def Info: ../../sources//UGE/logos/UGE-logo.pdf  used on input l
ine 81.
(pdftex.def)             Requested size: 67.65875pt x 14.22636pt.
[33

]

Package gotham Warning: Be aware that format title=titlecase can lead to proble
ms. on input line 84.


Package gotham Warning: Be aware that format subtitle=titlecase can lead to pro
blems. on input line 84.


Package gotham Warning: Be aware that format frametitle=upper can lead to probl
ems. on input line 84.


Package gotham Warning: Be aware that format title=titlecase can lead to proble
ms. on input line 84.


Package gotham Warning: Be aware that format subtitle=titlecase can lead to pro
blems. on input line 84.


Package gotham Warning: Be aware that format frametitle=upper can lead to probl
ems. on input line 84.

LaTeX Font Info:    Font shape `T1/lmss/bx/it' in size <12> not available
(Font)              Font shape `T1/lmss/bx/sl' tried instead on input line 94.


File: ../../sources//UGE/logos/UGE-logo.pdf Graphic file (type pdf)
<use ../../sources//UGE/logos/UGE-logo.pdf>
Package pdftex.def Info: ../../sources//UGE/logos/UGE-logo.pdf  used on input l
ine 94.
(pdftex.def)             Requested size: 67.65875pt x 14.22636pt.
[34

]

Package gotham Warning: Be aware that format title=titlecase can lead to proble
ms. on input line 97.


Package gotham Warning: Be aware that format subtitle=titlecase can lead to pro
blems. on input line 97.


Package gotham Warning: Be aware that format frametitle=lower can lead to probl
ems. on input line 97.


Package gotham Warning: Be aware that format title=titlecase can lead to proble
ms. on input line 97.


Package gotham Warning: Be aware that format subtitle=titlecase can lead to pro
blems. on input line 97.


Package gotham Warning: Be aware that format frametitle=lower can lead to probl
ems. on input line 97.



File: ../../sources//UGE/logos/UGE-logo.pdf Graphic file (type pdf)
<use ../../sources//UGE/logos/UGE-logo.pdf>
Package pdftex.def Info: ../../sources//UGE/logos/UGE-logo.pdf  used on input l
ine 101.
(pdftex.def)             Requested size: 67.65875pt x 14.22636pt.
[35

]

[36

]
No file Demo_Inria_light169.toc.


[37

]

Package gotham Warning: Be aware that format title=titlecase can lead to proble
ms. on input line 107.


Package gotham Warning: Be aware that format subtitle=titlecase can lead to pro
blems. on input line 107.


Package gotham Warning: Be aware that format frametitle=titlecase can lead to p
roblems. on input line 107.


Package gotham Warning: Be aware that format title=titlecase can lead to proble
ms. on input line 107.


Package gotham Warning: Be aware that format subtitle=titlecase can lead to pro
blems. on input line 107.


Package gotham Warning: Be aware that format frametitle=titlecase can lead to p
roblems. on input line 107.

\openout4 = `Demo_Inria_light169.vrb'.

(/home/hamid/Stage_Inria_dynamique/out/Demo_Inria_light169.vrb)

File: ../../sources//UGE/logos/UGE-logo.pdf Graphic file (type pdf)
<use ../../sources//UGE/logos/UGE-logo.pdf>
Package pdftex.def Info: ../../sources//UGE/logos/UGE-logo.pdf  used on input l
ine 112.
(pdftex.def)             Requested size: 67.65875pt x 14.22636pt.
[38

]
\openout4 = `Demo_Inria_light169.vrb'.

 (/home/hamid/Stage_Inria_dynamique/out/Demo_Inria_light169.vrb

Package gotham Warning: Be aware that format title=titlecase can lead to proble
ms. on input line 23.


Package gotham Warning: Be aware that format subtitle=titlecase can lead to pro
blems. on input line 23.


Package gotham Warning: Be aware that format frametitle=titlecase can lead to p
roblems. on input line 23.


Package gotham Warning: Be aware that format title=titlecase can lead to proble
ms. on input line 23.


Package gotham Warning: Be aware that format subtitle=titlecase can lead to pro
blems. on input line 23.


Package gotham Warning: Be aware that format frametitle=titlecase can lead to p
roblems. on input line 23.


Package gotham Warning: Be aware that format title=titlecase can lead to proble
ms. on input line 41.


Package gotham Warning: Be aware that format subtitle=titlecase can lead to pro
blems. on input line 41.


Package gotham Warning: Be aware that format frametitle=titlecase can lead to p
roblems. on input line 41.


Package gotham Warning: Be aware that format title=titlecase can lead to proble
ms. on input line 41.


Package gotham Warning: Be aware that format subtitle=titlecase can lead to pro
blems. on input line 41.


Package gotham Warning: Be aware that format frametitle=titlecase can lead to p
roblems. on input line 41.

)

File: ../../sources//UGE/logos/UGE-logo.pdf Graphic file (type pdf)
<use ../../sources//UGE/logos/UGE-logo.pdf>
Package pdftex.def Info: ../../sources//UGE/logos/UGE-logo.pdf  used on input l
ine 173.
(pdftex.def)             Requested size: 67.65875pt x 14.22636pt.
[39

]
\openout4 = `Demo_Inria_light169.vrb'.

 (/home/hamid/Stage_Inria_dynamique/out/Demo_Inria_light169.vrb)

File: ../../sources//UGE/logos/UGE-logo.pdf Graphic file (type pdf)
<use ../../sources//UGE/logos/UGE-logo.pdf>
Package pdftex.def Info: ../../sources//UGE/logos/UGE-logo.pdf  used on input l
ine 188.
(pdftex.def)             Requested size: 67.65875pt x 14.22636pt.
[40

]

[41

]
No file Demo_Inria_light169.toc.


[42

]
\openout4 = `Demo_Inria_light169.vrb'.

 (/home/hamid/Stage_Inria_dynamique/out/Demo_Inria_light169.vrb)

File: ../../sources//UGE/logos/UGE-logo.pdf Graphic file (type pdf)
<use ../../sources//UGE/logos/UGE-logo.pdf>
Package pdftex.def Info: ../../sources//UGE/logos/UGE-logo.pdf  used on input l
ine 203.
(pdftex.def)             Requested size: 67.65875pt x 14.22636pt.
[43

]
\openout4 = `Demo_Inria_light169.vrb'.

 (/home/hamid/Stage_Inria_dynamique/out/Demo_Inria_light169.vrb)

File: ../../sources//UGE/logos/UGE-logo.pdf Graphic file (type pdf)
<use ../../sources//UGE/logos/UGE-logo.pdf>
Package pdftex.def Info: ../../sources//UGE/logos/UGE-logo.pdf  used on input l
ine 220.
(pdftex.def)             Requested size: 67.65875pt x 14.22636pt.
[44

]
\openout4 = `Demo_Inria_light169.vrb'.

 (/home/hamid/Stage_Inria_dynamique/out/Demo_Inria_light169.vrb)

File: ../../sources//UGE/logos/UGE-logo.pdf Graphic file (type pdf)
<use ../../sources//UGE/logos/UGE-logo.pdf>
Package pdftex.def Info: ../../sources//UGE/logos/UGE-logo.pdf  used on input l
ine 235.
(pdftex.def)             Requested size: 67.65875pt x 14.22636pt.
[45

]
\openout4 = `Demo_Inria_light169.vrb'.

 (/home/hamid/Stage_Inria_dynamique/out/Demo_Inria_light169.vrb)

File: ../../sources//UGE/logos/UGE-logo.pdf Graphic file (type pdf)
<use ../../sources//UGE/logos/UGE-logo.pdf>
Package pdftex.def Info: ../../sources//UGE/logos/UGE-logo.pdf  used on input l
ine 246.
(pdftex.def)             Requested size: 67.65875pt x 14.22636pt.
[46

]
\openout4 = `Demo_Inria_light169.vrb'.

 (/home/hamid/Stage_Inria_dynamique/out/Demo_Inria_light169.vrb)

File: ../../sources//UGE/logos/UGE-logo.pdf Graphic file (type pdf)
<use ../../sources//UGE/logos/UGE-logo.pdf>
Package pdftex.def Info: ../../sources//UGE/logos/UGE-logo.pdf  used on input l
ine 256.
(pdftex.def)             Requested size: 67.65875pt x 14.22636pt.
[47

]
\openout4 = `Demo_Inria_light169.vrb'.

 (/home/hamid/Stage_Inria_dynamique/out/Demo_Inria_light169.vrb)

File: ../../sources//UGE/logos/UGE-logo.pdf Graphic file (type pdf)
<use ../../sources//UGE/logos/UGE-logo.pdf>
Package pdftex.def Info: ../../sources//UGE/logos/UGE-logo.pdf  used on input l
ine 271.
(pdftex.def)             Requested size: 67.65875pt x 14.22636pt.
[48

]

File: ../../sources//UGE/logos/UGE-logo.pdf Graphic file (type pdf)
<use ../../sources//UGE/logos/UGE-logo.pdf>
Package pdftex.def Info: ../../sources//UGE/logos/UGE-logo.pdf  used on input l
ine 279.
(pdftex.def)             Requested size: 67.65875pt x 14.22636pt.
[49

]

[50

]
No file Demo_Inria_light169.toc.


[51

]
\openout4 = `Demo_Inria_light169.vrb'.

 (/home/hamid/Stage_Inria_dynamique/out/Demo_Inria_light169.vrb)

File: ../../sources//UGE/logos/UGE-logo.pdf Graphic file (type pdf)
<use ../../sources//UGE/logos/UGE-logo.pdf>
Package pdftex.def Info: ../../sources//UGE/logos/UGE-logo.pdf  used on input l
ine 293.
(pdftex.def)             Requested size: 67.65875pt x 14.22636pt.
[52

]

Package hyperref Warning: Option `pdfauthor' has already been used,
(hyperref)                setting the option has no effect on input line 298.

\openout4 = `Demo_Inria_light169.vrb'.

(/home/hamid/Stage_Inria_dynamique/out/Demo_Inria_light169.vrb)

File: ../../sources//UGE/logos/UGE-logo.pdf Graphic file (type pdf)
<use ../../sources//UGE/logos/UGE-logo.pdf>
Package pdftex.def Info: ../../sources//UGE/logos/UGE-logo.pdf  used on input l
ine 310.
(pdftex.def)             Requested size: 67.65875pt x 14.22636pt.
[53

]
\openout4 = `Demo_Inria_light169.vrb'.

 (/home/hamid/Stage_Inria_dynamique/out/Demo_Inria_light169.vrb)

File: ../../sources//UGE/logos/UGE-logo.pdf Graphic file (type pdf)
<use ../../sources//UGE/logos/UGE-logo.pdf>
Package pdftex.def Info: ../../sources//UGE/logos/UGE-logo.pdf  used on input l
ine 328.
(pdftex.def)             Requested size: 67.65875pt x 14.22636pt.
[54

]
\openout4 = `Demo_Inria_light169.vrb'.

 (/home/hamid/Stage_Inria_dynamique/out/Demo_Inria_light169.vrb
Overfull \hbox (27.91011pt too wide) in paragraph at lines 13--13
 []     \T1/lmtt/m/n/10 \begin{adjustwidth}{-2em}{-2em}% 2em extra to the left 
and 2em for right margin.[] 
 []

)

File: ../../sources//UGE/logos/UGE-logo.pdf Graphic file (type pdf)
<use ../../sources//UGE/logos/UGE-logo.pdf>
Package pdftex.def Info: ../../sources//UGE/logos/UGE-logo.pdf  used on input l
ine 346.
(pdftex.def)             Requested size: 67.65875pt x 14.22636pt.
[55

]
\openout4 = `Demo_Inria_light169.vrb'.

 (/home/hamid/Stage_Inria_dynamique/out/Demo_Inria_light169.vrb)
<../../sources//gotham/gotham-logo.pdf, id=512, 718.93594pt x 718.93594pt>
File: ../../sources//gotham/gotham-logo.pdf Graphic file (type pdf)
<use ../../sources//gotham/gotham-logo.pdf>
Package pdftex.def Info: ../../sources//gotham/gotham-logo.pdf  used on input l
ine 367.
(pdftex.def)             Requested size: 21.99498pt x 21.99994pt.


[56

 <../../sources//gotham/gotham-logo.pdf>]

Package hyperref Warning: Option `pdfauthor' has already been used,
(hyperref)                setting the option has no effect on input line 370.


Package gotham Warning: Be aware that format title=titlecase can lead to proble
ms. on input line 372.


Package gotham Warning: Be aware that format subtitle=titlecase can lead to pro
blems. on input line 372.


Package gotham Warning: Be aware that format frametitle=titlecase can lead to p
roblems. on input line 372.


Package gotham Warning: Be aware that format title=titlecase can lead to proble
ms. on input line 372.


Package gotham Warning: Be aware that format subtitle=titlecase can lead to pro
blems. on input line 372.


Package gotham Warning: Be aware that format frametitle=titlecase can lead to p
roblems. on input line 372.

\openout4 = `Demo_Inria_light169.vrb'.

(/home/hamid/Stage_Inria_dynamique/out/Demo_Inria_light169.vrb
Overfull \hbox (121.4099pt too wide) in paragraph at lines 11--12
[][]\T1/lmtt/m/n/10 none | framenumber | totalframenumber | appendixframenumber
 | pagenumber | totalpagenumber | circle  
 []

)

File: ../../sources//UGE/logos/UGE-logo.pdf Graphic file (type pdf)
<use ../../sources//UGE/logos/UGE-logo.pdf>
Package pdftex.def Info: ../../sources//UGE/logos/UGE-logo.pdf  used on input l
ine 387.
(pdftex.def)             Requested size: 67.65875pt x 14.22636pt.
[57

]) (../gotham-example//section-Conclusion.tex

[58

]
No file Demo_Inria_light169.toc.


[59

]
LaTeX Font Info:    Font shape `U/ccicons/m/n' will be
(Font)              scaled to size 10.0pt on input line 21.


File: ../../sources//UGE/logos/UGE-logo.pdf Graphic file (type pdf)
<use ../../sources//UGE/logos/UGE-logo.pdf>
Package pdftex.def Info: ../../sources//UGE/logos/UGE-logo.pdf  used on input l
ine 21.
(pdftex.def)             Requested size: 67.65875pt x 14.22636pt.
[60

]
\openout4 = `Demo_Inria_light169.vrb'.

 (/home/hamid/Stage_Inria_dynamique/out/Demo_Inria_light169.vrb)

File: ../../sources//UGE/logos/UGE-logo.pdf Graphic file (type pdf)
<use ../../sources//UGE/logos/UGE-logo.pdf>
Package pdftex.def Info: ../../sources//UGE/logos/UGE-logo.pdf  used on input l
ine 36.
(pdftex.def)             Requested size: 67.65875pt x 14.22636pt.
[61

])

LaTeX Warning: Empty bibliography on input line 137.



File: ../../sources//UGE/logos/UGE-logo.pdf Graphic file (type pdf)
<use ../../sources//UGE/logos/UGE-logo.pdf>
Package pdftex.def Info: ../../sources//UGE/logos/UGE-logo.pdf  used on input l
ine 137.
(pdftex.def)             Requested size: 67.65875pt x 14.22636pt.
[62

]

Package hyperref Warning: Token not allowed in a PDF string (Unicode):
(hyperref)                removing `\translate ' on input line 142.



[63

]
No file Demo_Inria_light169.toc.


[64

]
\openout4 = `Demo_Inria_light169.vrb'.

 (/home/hamid/Stage_Inria_dynamique/out/Demo_Inria_light169.vrb)

File: ../../sources//UGE/logos/UGE-logo.pdf Graphic file (type pdf)
<use ../../sources//UGE/logos/UGE-logo.pdf>
Package pdftex.def Info: ../../sources//UGE/logos/UGE-logo.pdf  used on input l
ine 150.
(pdftex.def)             Requested size: 67.65875pt x 14.22636pt.
./Demo_Inria_light169.tex:150: Arithmetic overflow.
<recently read> \calc@denominator 
                                  
l.150 	\end{frame}
                  
I can't carry out that multiplication or division,
since the result is out of range.

./Demo_Inria_light169.tex:150: Arithmetic overflow.
<recently read> \calc@denominator 
                                  
l.150 	\end{frame}
                  
I can't carry out that multiplication or division,
since the result is out of range.

./Demo_Inria_light169.tex:150: Arithmetic overflow.
<recently read> \calc@denominator 
                                  
l.150 	\end{frame}
                  
I can't carry out that multiplication or division,
since the result is out of range.

./Demo_Inria_light169.tex:150: Arithmetic overflow.
<recently read> \calc@denominator 
                                  
l.150 	\end{frame}
                  
I can't carry out that multiplication or division,
since the result is out of range.

./Demo_Inria_light169.tex:150: Arithmetic overflow.
<recently read> \calc@denominator 
                                  
l.150 	\end{frame}
                  
I can't carry out that multiplication or division,
since the result is out of range.

./Demo_Inria_light169.tex:150: Arithmetic overflow.
\calc@next@digit ... \multiply \calc@numerator 10 
                                                  \calc@Acount \calc@numerat...
l.150 	\end{frame}
                  
I can't carry out that multiplication or division,
since the result is out of range.

./Demo_Inria_light169.tex:150: Arithmetic overflow.
<recently read> \calc@denominator 
                                  
l.150 	\end{frame}
                  
I can't carry out that multiplication or division,
since the result is out of range.

./Demo_Inria_light169.tex:150: Arithmetic overflow.
\calc@next@digit ... \multiply \calc@numerator 10 
                                                  \calc@Acount \calc@numerat...
l.150 	\end{frame}
                  
I can't carry out that multiplication or division,
since the result is out of range.

./Demo_Inria_light169.tex:150: Arithmetic overflow.
<recently read> \calc@denominator 
                                  
l.150 	\end{frame}
                  
I can't carry out that multiplication or division,
since the result is out of range.

./Demo_Inria_light169.tex:150: Dimension too large.
<recently read> \calc@B 
                        
l.150 	\end{frame}
                  
I can't work with sizes bigger than about 19 feet.
Continue and I'll use the largest value I can.


Overfull \hbox (15928.7559pt too wide) has occurred while \output is active
[][]  
 []

[65

] (../gotham-example/section-BeamerExtra.tex

[66

]
No file Demo_Inria_light169.toc.


[67

]
../gotham-example/section-BeamerExtra.tex:13: Arithmetic overflow.
<recently read> \calc@denominator 
                                  
l.13 	\begin{frame}[fragile, label=previouSlide]{
                                                 Section With Pictures}
I can't carry out that multiplication or division,
since the result is out of range.

../gotham-example/section-BeamerExtra.tex:13: Arithmetic overflow.
<recently read> \calc@denominator 
                                  
l.13 	\begin{frame}[fragile, label=previouSlide]{
                                                 Section With Pictures}
I can't carry out that multiplication or division,
since the result is out of range.

../gotham-example/section-BeamerExtra.tex:13: Arithmetic overflow.
<recently read> \calc@denominator 
                                  
l.13 	\begin{frame}[fragile, label=previouSlide]{
                                                 Section With Pictures}
I can't carry out that multiplication or division,
since the result is out of range.

../gotham-example/section-BeamerExtra.tex:13: Arithmetic overflow.
<recently read> \calc@denominator 
                                  
l.13 	\begin{frame}[fragile, label=previouSlide]{
                                                 Section With Pictures}
I can't carry out that multiplication or division,
since the result is out of range.

../gotham-example/section-BeamerExtra.tex:13: Arithmetic overflow.
<recently read> \calc@denominator 
                                  
l.13 	\begin{frame}[fragile, label=previouSlide]{
                                                 Section With Pictures}
I can't carry out that multiplication or division,
since the result is out of range.

../gotham-example/section-BeamerExtra.tex:13: Arithmetic overflow.
\calc@next@digit ... \multiply \calc@numerator 10 
                                                  \calc@Acount \calc@numerat...
l.13 	\begin{frame}[fragile, label=previouSlide]{
                                                 Section With Pictures}
I can't carry out that multiplication or division,
since the result is out of range.

../gotham-example/section-BeamerExtra.tex:13: Arithmetic overflow.
<recently read> \calc@denominator 
                                  
l.13 	\begin{frame}[fragile, label=previouSlide]{
                                                 Section With Pictures}
I can't carry out that multiplication or division,
since the result is out of range.

../gotham-example/section-BeamerExtra.tex:13: Arithmetic overflow.
\calc@next@digit ... \multiply \calc@numerator 10 
                                                  \calc@Acount \calc@numerat...
l.13 	\begin{frame}[fragile, label=previouSlide]{
                                                 Section With Pictures}
I can't carry out that multiplication or division,
since the result is out of range.

../gotham-example/section-BeamerExtra.tex:13: Arithmetic overflow.
<recently read> \calc@denominator 
                                  
l.13 	\begin{frame}[fragile, label=previouSlide]{
                                                 Section With Pictures}
I can't carry out that multiplication or division,
since the result is out of range.

../gotham-example/section-BeamerExtra.tex:13: Dimension too large.
<recently read> \calc@B 
                        
l.13 	\begin{frame}[fragile, label=previouSlide]{
                                                 Section With Pictures}
I can't work with sizes bigger than about 19 feet.
Continue and I'll use the largest value I can.


Overfull \hbox (15928.7559pt too wide) in paragraph at lines 13--13
[][]  
 []

\openout4 = `Demo_Inria_light169.2.vrb'.

../gotham-example/section-BeamerExtra.tex:27: Arithmetic overflow.
<recently read> \calc@denominator 
                                  
l.27 	\end{frame}
                 
I can't carry out that multiplication or division,
since the result is out of range.

../gotham-example/section-BeamerExtra.tex:27: Arithmetic overflow.
<recently read> \calc@denominator 
                                  
l.27 	\end{frame}
                 
I can't carry out that multiplication or division,
since the result is out of range.

../gotham-example/section-BeamerExtra.tex:27: Arithmetic overflow.
<recently read> \calc@denominator 
                                  
l.27 	\end{frame}
                 
I can't carry out that multiplication or division,
since the result is out of range.

../gotham-example/section-BeamerExtra.tex:27: Arithmetic overflow.
<recently read> \calc@denominator 
                                  
l.27 	\end{frame}
                 
I can't carry out that multiplication or division,
since the result is out of range.

../gotham-example/section-BeamerExtra.tex:27: Arithmetic overflow.
<recently read> \calc@denominator 
                                  
l.27 	\end{frame}
                 
I can't carry out that multiplication or division,
since the result is out of range.

../gotham-example/section-BeamerExtra.tex:27: Arithmetic overflow.
\calc@next@digit ... \multiply \calc@numerator 10 
                                                  \calc@Acount \calc@numerat...
l.27 	\end{frame}
                 
I can't carry out that multiplication or division,
since the result is out of range.

../gotham-example/section-BeamerExtra.tex:27: Arithmetic overflow.
<recently read> \calc@denominator 
                                  
l.27 	\end{frame}
                 
I can't carry out that multiplication or division,
since the result is out of range.

../gotham-example/section-BeamerExtra.tex:27: Arithmetic overflow.
\calc@next@digit ... \multiply \calc@numerator 10 
                                                  \calc@Acount \calc@numerat...
l.27 	\end{frame}
                 
I can't carry out that multiplication or division,
since the result is out of range.

../gotham-example/section-BeamerExtra.tex:27: Arithmetic overflow.
<recently read> \calc@denominator 
                                  
l.27 	\end{frame}
                 
I can't carry out that multiplication or division,
since the result is out of range.

../gotham-example/section-BeamerExtra.tex:27: Dimension too large.
<recently read> \calc@B 
                        
l.27 	\end{frame}
                 
I can't work with sizes bigger than about 19 feet.
Continue and I'll use the largest value I can.


Overfull \hbox (15928.7559pt too wide) in paragraph at lines 27--27
[][]  
 []

(/home/hamid/Stage_Inria_dynamique/out/Demo_Inria_light169.2.vrb)

File: ../../sources//UGE/logos/UGE-logo.pdf Graphic file (type pdf)
<use ../../sources//UGE/logos/UGE-logo.pdf>
Package pdftex.def Info: ../../sources//UGE/logos/UGE-logo.pdf  used on input l
ine 27.
(pdftex.def)             Requested size: 67.65875pt x 14.22636pt.
../gotham-example/section-BeamerExtra.tex:27: Arithmetic overflow.
<recently read> \calc@denominator 
                                  
l.27 	\end{frame}
                 
I can't carry out that multiplication or division,
since the result is out of range.

../gotham-example/section-BeamerExtra.tex:27: Arithmetic overflow.
<recently read> \calc@denominator 
                                  
l.27 	\end{frame}
                 
I can't carry out that multiplication or division,
since the result is out of range.

../gotham-example/section-BeamerExtra.tex:27: Arithmetic overflow.
<recently read> \calc@denominator 
                                  
l.27 	\end{frame}
                 
I can't carry out that multiplication or division,
since the result is out of range.

../gotham-example/section-BeamerExtra.tex:27: Arithmetic overflow.
<recently read> \calc@denominator 
                                  
l.27 	\end{frame}
                 
I can't carry out that multiplication or division,
since the result is out of range.

../gotham-example/section-BeamerExtra.tex:27: Arithmetic overflow.
<recently read> \calc@denominator 
                                  
l.27 	\end{frame}
                 
I can't carry out that multiplication or division,
since the result is out of range.

../gotham-example/section-BeamerExtra.tex:27: Arithmetic overflow.
\calc@next@digit ... \multiply \calc@numerator 10 
                                                  \calc@Acount \calc@numerat...
l.27 	\end{frame}
                 
I can't carry out that multiplication or division,
since the result is out of range.

../gotham-example/section-BeamerExtra.tex:27: Arithmetic overflow.
<recently read> \calc@denominator 
                                  
l.27 	\end{frame}
                 
I can't carry out that multiplication or division,
since the result is out of range.

../gotham-example/section-BeamerExtra.tex:27: Arithmetic overflow.
\calc@next@digit ... \multiply \calc@numerator 10 
                                                  \calc@Acount \calc@numerat...
l.27 	\end{frame}
                 
I can't carry out that multiplication or division,
since the result is out of range.

../gotham-example/section-BeamerExtra.tex:27: Arithmetic overflow.
<recently read> \calc@denominator 
                                  
l.27 	\end{frame}
                 
I can't carry out that multiplication or division,
since the result is out of range.

../gotham-example/section-BeamerExtra.tex:27: Dimension too large.
<recently read> \calc@B 
                        
l.27 	\end{frame}
                 
I can't work with sizes bigger than about 19 feet.
Continue and I'll use the largest value I can.


Overfull \hbox (15928.7559pt too wide) has occurred while \output is active
[][]  
 []

[68

]
../gotham-example/section-BeamerExtra.tex:30: Arithmetic overflow.
<recently read> \calc@denominator 
                                  
l.30 		\frametitle
                  {link to hidden slide}
I can't carry out that multiplication or division,
since the result is out of range.

../gotham-example/section-BeamerExtra.tex:30: Arithmetic overflow.
<recently read> \calc@denominator 
                                  
l.30 		\frametitle
                  {link to hidden slide}
I can't carry out that multiplication or division,
since the result is out of range.

../gotham-example/section-BeamerExtra.tex:30: Arithmetic overflow.
<recently read> \calc@denominator 
                                  
l.30 		\frametitle
                  {link to hidden slide}
I can't carry out that multiplication or division,
since the result is out of range.

../gotham-example/section-BeamerExtra.tex:30: Arithmetic overflow.
<recently read> \calc@denominator 
                                  
l.30 		\frametitle
                  {link to hidden slide}
I can't carry out that multiplication or division,
since the result is out of range.

../gotham-example/section-BeamerExtra.tex:30: Arithmetic overflow.
<recently read> \calc@denominator 
                                  
l.30 		\frametitle
                  {link to hidden slide}
I can't carry out that multiplication or division,
since the result is out of range.

../gotham-example/section-BeamerExtra.tex:30: Arithmetic overflow.
\calc@next@digit ... \multiply \calc@numerator 10 
                                                  \calc@Acount \calc@numerat...
l.30 		\frametitle
                  {link to hidden slide}
I can't carry out that multiplication or division,
since the result is out of range.

../gotham-example/section-BeamerExtra.tex:30: Arithmetic overflow.
<recently read> \calc@denominator 
                                  
l.30 		\frametitle
                  {link to hidden slide}
I can't carry out that multiplication or division,
since the result is out of range.

../gotham-example/section-BeamerExtra.tex:30: Arithmetic overflow.
\calc@next@digit ... \multiply \calc@numerator 10 
                                                  \calc@Acount \calc@numerat...
l.30 		\frametitle
                  {link to hidden slide}
I can't carry out that multiplication or division,
since the result is out of range.

../gotham-example/section-BeamerExtra.tex:30: Arithmetic overflow.
<recently read> \calc@denominator 
                                  
l.30 		\frametitle
                  {link to hidden slide}
I can't carry out that multiplication or division,
since the result is out of range.

../gotham-example/section-BeamerExtra.tex:30: Dimension too large.
<recently read> \calc@B 
                        
l.30 		\frametitle
                  {link to hidden slide}
I can't work with sizes bigger than about 19 feet.
Continue and I'll use the largest value I can.


Overfull \hbox (15928.7559pt too wide) in paragraph at lines 30--30
[][]  
 []

\openout4 = `Demo_Inria_light169.vrb'.

../gotham-example/section-BeamerExtra.tex:42: Arithmetic overflow.
<recently read> \calc@denominator 
                                  
l.42 	\end{frame}
                 
I can't carry out that multiplication or division,
since the result is out of range.

../gotham-example/section-BeamerExtra.tex:42: Arithmetic overflow.
<recently read> \calc@denominator 
                                  
l.42 	\end{frame}
                 
I can't carry out that multiplication or division,
since the result is out of range.

../gotham-example/section-BeamerExtra.tex:42: Arithmetic overflow.
<recently read> \calc@denominator 
                                  
l.42 	\end{frame}
                 
I can't carry out that multiplication or division,
since the result is out of range.

../gotham-example/section-BeamerExtra.tex:42: Arithmetic overflow.
<recently read> \calc@denominator 
                                  
l.42 	\end{frame}
                 
I can't carry out that multiplication or division,
since the result is out of range.

../gotham-example/section-BeamerExtra.tex:42: Arithmetic overflow.
<recently read> \calc@denominator 
                                  
l.42 	\end{frame}
                 
I can't carry out that multiplication or division,
since the result is out of range.

../gotham-example/section-BeamerExtra.tex:42: Arithmetic overflow.
\calc@next@digit ... \multiply \calc@numerator 10 
                                                  \calc@Acount \calc@numerat...
l.42 	\end{frame}
                 
I can't carry out that multiplication or division,
since the result is out of range.

../gotham-example/section-BeamerExtra.tex:42: Arithmetic overflow.
<recently read> \calc@denominator 
                                  
l.42 	\end{frame}
                 
I can't carry out that multiplication or division,
since the result is out of range.

../gotham-example/section-BeamerExtra.tex:42: Arithmetic overflow.
\calc@next@digit ... \multiply \calc@numerator 10 
                                                  \calc@Acount \calc@numerat...
l.42 	\end{frame}
                 
I can't carry out that multiplication or division,
since the result is out of range.

../gotham-example/section-BeamerExtra.tex:42: Arithmetic overflow.
<recently read> \calc@denominator 
                                  
l.42 	\end{frame}
                 
I can't carry out that multiplication or division,
since the result is out of range.

../gotham-example/section-BeamerExtra.tex:42: Dimension too large.
<recently read> \calc@B 
                        
l.42 	\end{frame}
                 
I can't work with sizes bigger than about 19 feet.
Continue and I'll use the largest value I can.


Overfull \hbox (15928.7559pt too wide) in paragraph at lines 42--42
[][]  
 []

(/home/hamid/Stage_Inria_dynamique/out/Demo_Inria_light169.vrb)

File: ../../sources//UGE/logos/UGE-logo.pdf Graphic file (type pdf)
<use ../../sources//UGE/logos/UGE-logo.pdf>
Package pdftex.def Info: ../../sources//UGE/logos/UGE-logo.pdf  used on input l
ine 42.
(pdftex.def)             Requested size: 67.65875pt x 14.22636pt.
../gotham-example/section-BeamerExtra.tex:42: Arithmetic overflow.
<recently read> \calc@denominator 
                                  
l.42 	\end{frame}
                 
I can't carry out that multiplication or division,
since the result is out of range.

../gotham-example/section-BeamerExtra.tex:42: Arithmetic overflow.
<recently read> \calc@denominator 
                                  
l.42 	\end{frame}
                 
I can't carry out that multiplication or division,
since the result is out of range.

../gotham-example/section-BeamerExtra.tex:42: Arithmetic overflow.
<recently read> \calc@denominator 
                                  
l.42 	\end{frame}
                 
I can't carry out that multiplication or division,
since the result is out of range.

../gotham-example/section-BeamerExtra.tex:42: Arithmetic overflow.
<recently read> \calc@denominator 
                                  
l.42 	\end{frame}
                 
I can't carry out that multiplication or division,
since the result is out of range.

../gotham-example/section-BeamerExtra.tex:42: Arithmetic overflow.
<recently read> \calc@denominator 
                                  
l.42 	\end{frame}
                 
I can't carry out that multiplication or division,
since the result is out of range.

../gotham-example/section-BeamerExtra.tex:42: Arithmetic overflow.
\calc@next@digit ... \multiply \calc@numerator 10 
                                                  \calc@Acount \calc@numerat...
l.42 	\end{frame}
                 
I can't carry out that multiplication or division,
since the result is out of range.

../gotham-example/section-BeamerExtra.tex:42: Arithmetic overflow.
<recently read> \calc@denominator 
                                  
l.42 	\end{frame}
                 
I can't carry out that multiplication or division,
since the result is out of range.

../gotham-example/section-BeamerExtra.tex:42: Arithmetic overflow.
\calc@next@digit ... \multiply \calc@numerator 10 
                                                  \calc@Acount \calc@numerat...
l.42 	\end{frame}
                 
I can't carry out that multiplication or division,
since the result is out of range.

../gotham-example/section-BeamerExtra.tex:42: Arithmetic overflow.
<recently read> \calc@denominator 
                                  
l.42 	\end{frame}
                 
I can't carry out that multiplication or division,
since the result is out of range.

../gotham-example/section-BeamerExtra.tex:42: Dimension too large.
<recently read> \calc@B 
                        
l.42 	\end{frame}
                 
I can't work with sizes bigger than about 19 feet.
Continue and I'll use the largest value I can.


Overfull \hbox (15928.7559pt too wide) has occurred while \output is active
[][]  
 []

[69

]
../gotham-example/section-BeamerExtra.tex:45: Arithmetic overflow.
<recently read> \calc@denominator 
                                  
l.45 		\frametitle
                  {Print extended version}
I can't carry out that multiplication or division,
since the result is out of range.

../gotham-example/section-BeamerExtra.tex:45: Arithmetic overflow.
<recently read> \calc@denominator 
                                  
l.45 		\frametitle
                  {Print extended version}
I can't carry out that multiplication or division,
since the result is out of range.

../gotham-example/section-BeamerExtra.tex:45: Arithmetic overflow.
<recently read> \calc@denominator 
                                  
l.45 		\frametitle
                  {Print extended version}
I can't carry out that multiplication or division,
since the result is out of range.

../gotham-example/section-BeamerExtra.tex:45: Arithmetic overflow.
<recently read> \calc@denominator 
                                  
l.45 		\frametitle
                  {Print extended version}
I can't carry out that multiplication or division,
since the result is out of range.

../gotham-example/section-BeamerExtra.tex:45: Arithmetic overflow.
\calc@next@digit ... \multiply \calc@numerator 10 
                                                  \calc@Acount \calc@numerat...
l.45 		\frametitle
                  {Print extended version}
I can't carry out that multiplication or division,
since the result is out of range.

../gotham-example/section-BeamerExtra.tex:45: Arithmetic overflow.
<recently read> \calc@denominator 
                                  
l.45 		\frametitle
                  {Print extended version}
I can't carry out that multiplication or division,
since the result is out of range.

../gotham-example/section-BeamerExtra.tex:45: Arithmetic overflow.
\calc@next@digit ... \multiply \calc@numerator 10 
                                                  \calc@Acount \calc@numerat...
l.45 		\frametitle
                  {Print extended version}
I can't carry out that multiplication or division,
since the result is out of range.

../gotham-example/section-BeamerExtra.tex:45: Arithmetic overflow.
<recently read> \calc@denominator 
                                  
l.45 		\frametitle
                  {Print extended version}
I can't carry out that multiplication or division,
since the result is out of range.

../gotham-example/section-BeamerExtra.tex:45: Arithmetic overflow.
\calc@next@digit ... \multiply \calc@numerator 10 
                                                  \calc@Acount \calc@numerat...
l.45 		\frametitle
                  {Print extended version}
I can't carry out that multiplication or division,
since the result is out of range.

../gotham-example/section-BeamerExtra.tex:45: Arithmetic overflow.
<recently read> \calc@denominator 
                                  
l.45 		\frametitle
                  {Print extended version}
I can't carry out that multiplication or division,
since the result is out of range.

../gotham-example/section-BeamerExtra.tex:45: Dimension too large.
<recently read> \calc@B 
                        
l.45 		\frametitle
                  {Print extended version}
I can't work with sizes bigger than about 19 feet.
Continue and I'll use the largest value I can.


Overfull \hbox (15928.7559pt too wide) in paragraph at lines 45--45
[][]  
 []

\openout4 = `Demo_Inria_light169.vrb'.

../gotham-example/section-BeamerExtra.tex:57: Arithmetic overflow.
<recently read> \calc@denominator 
                                  
l.57 	\end{frame}
                 
I can't carry out that multiplication or division,
since the result is out of range.

../gotham-example/section-BeamerExtra.tex:57: Arithmetic overflow.
<recently read> \calc@denominator 
                                  
l.57 	\end{frame}
                 
I can't carry out that multiplication or division,
since the result is out of range.

../gotham-example/section-BeamerExtra.tex:57: Arithmetic overflow.
<recently read> \calc@denominator 
                                  
l.57 	\end{frame}
                 
I can't carry out that multiplication or division,
since the result is out of range.

../gotham-example/section-BeamerExtra.tex:57: Arithmetic overflow.
<recently read> \calc@denominator 
                                  
l.57 	\end{frame}
                 
I can't carry out that multiplication or division,
since the result is out of range.

../gotham-example/section-BeamerExtra.tex:57: Arithmetic overflow.
\calc@next@digit ... \multiply \calc@numerator 10 
                                                  \calc@Acount \calc@numerat...
l.57 	\end{frame}
                 
I can't carry out that multiplication or division,
since the result is out of range.

../gotham-example/section-BeamerExtra.tex:57: Arithmetic overflow.
<recently read> \calc@denominator 
                                  
l.57 	\end{frame}
                 
I can't carry out that multiplication or division,
since the result is out of range.

../gotham-example/section-BeamerExtra.tex:57: Arithmetic overflow.
\calc@next@digit ... \multiply \calc@numerator 10 
                                                  \calc@Acount \calc@numerat...
l.57 	\end{frame}
                 
I can't carry out that multiplication or division,
since the result is out of range.

../gotham-example/section-BeamerExtra.tex:57: Arithmetic overflow.
<recently read> \calc@denominator 
                                  
l.57 	\end{frame}
                 
I can't carry out that multiplication or division,
since the result is out of range.

../gotham-example/section-BeamerExtra.tex:57: Arithmetic overflow.
\calc@next@digit ... \multiply \calc@numerator 10 
                                                  \calc@Acount \calc@numerat...
l.57 	\end{frame}
                 
I can't carry out that multiplication or division,
since the result is out of range.

../gotham-example/section-BeamerExtra.tex:57: Arithmetic overflow.
<recently read> \calc@denominator 
                                  
l.57 	\end{frame}
                 
I can't carry out that multiplication or division,
since the result is out of range.

../gotham-example/section-BeamerExtra.tex:57: Dimension too large.
<recently read> \calc@B 
                        
l.57 	\end{frame}
                 
I can't work with sizes bigger than about 19 feet.
Continue and I'll use the largest value I can.


Overfull \hbox (15928.7559pt too wide) in paragraph at lines 57--57
[][]  
 []

(/home/hamid/Stage_Inria_dynamique/out/Demo_Inria_light169.vrb)

File: ../../sources//UGE/logos/UGE-logo.pdf Graphic file (type pdf)
<use ../../sources//UGE/logos/UGE-logo.pdf>
Package pdftex.def Info: ../../sources//UGE/logos/UGE-logo.pdf  used on input l
ine 57.
(pdftex.def)             Requested size: 67.65875pt x 14.22636pt.
../gotham-example/section-BeamerExtra.tex:57: Arithmetic overflow.
<recently read> \calc@denominator 
                                  
l.57 	\end{frame}
                 
I can't carry out that multiplication or division,
since the result is out of range.

../gotham-example/section-BeamerExtra.tex:57: Arithmetic overflow.
<recently read> \calc@denominator 
                                  
l.57 	\end{frame}
                 
I can't carry out that multiplication or division,
since the result is out of range.

../gotham-example/section-BeamerExtra.tex:57: Arithmetic overflow.
<recently read> \calc@denominator 
                                  
l.57 	\end{frame}
                 
I can't carry out that multiplication or division,
since the result is out of range.

../gotham-example/section-BeamerExtra.tex:57: Arithmetic overflow.
<recently read> \calc@denominator 
                                  
l.57 	\end{frame}
                 
I can't carry out that multiplication or division,
since the result is out of range.

../gotham-example/section-BeamerExtra.tex:57: Arithmetic overflow.
\calc@next@digit ... \multiply \calc@numerator 10 
                                                  \calc@Acount \calc@numerat...
l.57 	\end{frame}
                 
I can't carry out that multiplication or division,
since the result is out of range.

../gotham-example/section-BeamerExtra.tex:57: Arithmetic overflow.
<recently read> \calc@denominator 
                                  
l.57 	\end{frame}
                 
I can't carry out that multiplication or division,
since the result is out of range.

../gotham-example/section-BeamerExtra.tex:57: Arithmetic overflow.
\calc@next@digit ... \multiply \calc@numerator 10 
                                                  \calc@Acount \calc@numerat...
l.57 	\end{frame}
                 
I can't carry out that multiplication or division,
since the result is out of range.

../gotham-example/section-BeamerExtra.tex:57: Arithmetic overflow.
<recently read> \calc@denominator 
                                  
l.57 	\end{frame}
                 
I can't carry out that multiplication or division,
since the result is out of range.

../gotham-example/section-BeamerExtra.tex:57: Arithmetic overflow.
\calc@next@digit ... \multiply \calc@numerator 10 
                                                  \calc@Acount \calc@numerat...
l.57 	\end{frame}
                 
I can't carry out that multiplication or division,
since the result is out of range.

../gotham-example/section-BeamerExtra.tex:57: Arithmetic overflow.
<recently read> \calc@denominator 
                                  
l.57 	\end{frame}
                 
I can't carry out that multiplication or division,
since the result is out of range.

../gotham-example/section-BeamerExtra.tex:57: Dimension too large.
<recently read> \calc@B 
                        
l.57 	\end{frame}
                 
I can't work with sizes bigger than about 19 feet.
Continue and I'll use the largest value I can.


Overfull \hbox (15928.7559pt too wide) has occurred while \output is active
[][]  
 []

[70

]
../gotham-example/section-BeamerExtra.tex:59: Arithmetic overflow.
<recently read> \calc@denominator 
                                  
l.59 	\begin{frame}<handout:0|beamer:1>[fragile]{
                                                 Print extended version}
I can't carry out that multiplication or division,
since the result is out of range.

../gotham-example/section-BeamerExtra.tex:59: Arithmetic overflow.
<recently read> \calc@denominator 
                                  
l.59 	\begin{frame}<handout:0|beamer:1>[fragile]{
                                                 Print extended version}
I can't carry out that multiplication or division,
since the result is out of range.

../gotham-example/section-BeamerExtra.tex:59: Arithmetic overflow.
<recently read> \calc@denominator 
                                  
l.59 	\begin{frame}<handout:0|beamer:1>[fragile]{
                                                 Print extended version}
I can't carry out that multiplication or division,
since the result is out of range.

../gotham-example/section-BeamerExtra.tex:59: Arithmetic overflow.
<recently read> \calc@denominator 
                                  
l.59 	\begin{frame}<handout:0|beamer:1>[fragile]{
                                                 Print extended version}
I can't carry out that multiplication or division,
since the result is out of range.

../gotham-example/section-BeamerExtra.tex:59: Arithmetic overflow.
\calc@next@digit ... \multiply \calc@numerator 10 
                                                  \calc@Acount \calc@numerat...
l.59 	\begin{frame}<handout:0|beamer:1>[fragile]{
                                                 Print extended version}
I can't carry out that multiplication or division,
since the result is out of range.

../gotham-example/section-BeamerExtra.tex:59: Arithmetic overflow.
<recently read> \calc@denominator 
                                  
l.59 	\begin{frame}<handout:0|beamer:1>[fragile]{
                                                 Print extended version}
I can't carry out that multiplication or division,
since the result is out of range.

../gotham-example/section-BeamerExtra.tex:59: Arithmetic overflow.
\calc@next@digit ... \multiply \calc@numerator 10 
                                                  \calc@Acount \calc@numerat...
l.59 	\begin{frame}<handout:0|beamer:1>[fragile]{
                                                 Print extended version}
I can't carry out that multiplication or division,
since the result is out of range.

../gotham-example/section-BeamerExtra.tex:59: Arithmetic overflow.
<recently read> \calc@denominator 
                                  
l.59 	\begin{frame}<handout:0|beamer:1>[fragile]{
                                                 Print extended version}
I can't carry out that multiplication or division,
since the result is out of range.

../gotham-example/section-BeamerExtra.tex:59: Arithmetic overflow.
\calc@next@digit ... \multiply \calc@numerator 10 
                                                  \calc@Acount \calc@numerat...
l.59 	\begin{frame}<handout:0|beamer:1>[fragile]{
                                                 Print extended version}
I can't carry out that multiplication or division,
since the result is out of range.

../gotham-example/section-BeamerExtra.tex:59: Arithmetic overflow.
<recently read> \calc@denominator 
                                  
l.59 	\begin{frame}<handout:0|beamer:1>[fragile]{
                                                 Print extended version}
I can't carry out that multiplication or division,
since the result is out of range.

../gotham-example/section-BeamerExtra.tex:59: Dimension too large.
<recently read> \calc@B 
                        
l.59 	\begin{frame}<handout:0|beamer:1>[fragile]{
                                                 Print extended version}
I can't work with sizes bigger than about 19 feet.
Continue and I'll use the largest value I can.


Overfull \hbox (15928.7559pt too wide) in paragraph at lines 59--59
[][]  
 []

\openout4 = `Demo_Inria_light169.vrb'.

../gotham-example/section-BeamerExtra.tex:82: Arithmetic overflow.
<recently read> \calc@denominator 
                                  
l.82 	\end{frame}
                 
I can't carry out that multiplication or division,
since the result is out of range.

../gotham-example/section-BeamerExtra.tex:82: Arithmetic overflow.
<recently read> \calc@denominator 
                                  
l.82 	\end{frame}
                 
I can't carry out that multiplication or division,
since the result is out of range.

../gotham-example/section-BeamerExtra.tex:82: Arithmetic overflow.
<recently read> \calc@denominator 
                                  
l.82 	\end{frame}
                 
I can't carry out that multiplication or division,
since the result is out of range.

../gotham-example/section-BeamerExtra.tex:82: Arithmetic overflow.
<recently read> \calc@denominator 
                                  
l.82 	\end{frame}
                 
I can't carry out that multiplication or division,
since the result is out of range.

../gotham-example/section-BeamerExtra.tex:82: Arithmetic overflow.
\calc@next@digit ... \multiply \calc@numerator 10 
                                                  \calc@Acount \calc@numerat...
l.82 	\end{frame}
                 
I can't carry out that multiplication or division,
since the result is out of range.

../gotham-example/section-BeamerExtra.tex:82: Arithmetic overflow.
<recently read> \calc@denominator 
                                  
l.82 	\end{frame}
                 
I can't carry out that multiplication or division,
since the result is out of range.

../gotham-example/section-BeamerExtra.tex:82: Arithmetic overflow.
\calc@next@digit ... \multiply \calc@numerator 10 
                                                  \calc@Acount \calc@numerat...
l.82 	\end{frame}
                 
I can't carry out that multiplication or division,
since the result is out of range.

../gotham-example/section-BeamerExtra.tex:82: Arithmetic overflow.
<recently read> \calc@denominator 
                                  
l.82 	\end{frame}
                 
I can't carry out that multiplication or division,
since the result is out of range.

../gotham-example/section-BeamerExtra.tex:82: Arithmetic overflow.
\calc@next@digit ... \multiply \calc@numerator 10 
                                                  \calc@Acount \calc@numerat...
l.82 	\end{frame}
                 
I can't carry out that multiplication or division,
since the result is out of range.

../gotham-example/section-BeamerExtra.tex:82: Arithmetic overflow.
<recently read> \calc@denominator 
                                  
l.82 	\end{frame}
                 
I can't carry out that multiplication or division,
since the result is out of range.

../gotham-example/section-BeamerExtra.tex:82: Dimension too large.
<recently read> \calc@B 
                        
l.82 	\end{frame}
                 
I can't work with sizes bigger than about 19 feet.
Continue and I'll use the largest value I can.


Overfull \hbox (15928.7559pt too wide) in paragraph at lines 82--82
[][]  
 []

(/home/hamid/Stage_Inria_dynamique/out/Demo_Inria_light169.vrb)

File: ../../sources//UGE/logos/UGE-logo.pdf Graphic file (type pdf)
<use ../../sources//UGE/logos/UGE-logo.pdf>
Package pdftex.def Info: ../../sources//UGE/logos/UGE-logo.pdf  used on input l
ine 82.
(pdftex.def)             Requested size: 67.65875pt x 14.22636pt.
../gotham-example/section-BeamerExtra.tex:82: Arithmetic overflow.
<recently read> \calc@denominator 
                                  
l.82 	\end{frame}
                 
I can't carry out that multiplication or division,
since the result is out of range.

../gotham-example/section-BeamerExtra.tex:82: Arithmetic overflow.
<recently read> \calc@denominator 
                                  
l.82 	\end{frame}
                 
I can't carry out that multiplication or division,
since the result is out of range.

../gotham-example/section-BeamerExtra.tex:82: Arithmetic overflow.
<recently read> \calc@denominator 
                                  
l.82 	\end{frame}
                 
I can't carry out that multiplication or division,
since the result is out of range.

../gotham-example/section-BeamerExtra.tex:82: Arithmetic overflow.
<recently read> \calc@denominator 
                                  
l.82 	\end{frame}
                 
I can't carry out that multiplication or division,
since the result is out of range.

../gotham-example/section-BeamerExtra.tex:82: Arithmetic overflow.
\calc@next@digit ... \multiply \calc@numerator 10 
                                                  \calc@Acount \calc@numerat...
l.82 	\end{frame}
                 
I can't carry out that multiplication or division,
since the result is out of range.

../gotham-example/section-BeamerExtra.tex:82: Arithmetic overflow.
<recently read> \calc@denominator 
                                  
l.82 	\end{frame}
                 
I can't carry out that multiplication or division,
since the result is out of range.

../gotham-example/section-BeamerExtra.tex:82: Arithmetic overflow.
\calc@next@digit ... \multiply \calc@numerator 10 
                                                  \calc@Acount \calc@numerat...
l.82 	\end{frame}
                 
I can't carry out that multiplication or division,
since the result is out of range.

../gotham-example/section-BeamerExtra.tex:82: Arithmetic overflow.
<recently read> \calc@denominator 
                                  
l.82 	\end{frame}
                 
I can't carry out that multiplication or division,
since the result is out of range.

../gotham-example/section-BeamerExtra.tex:82: Arithmetic overflow.
\calc@next@digit ... \multiply \calc@numerator 10 
                                                  \calc@Acount \calc@numerat...
l.82 	\end{frame}
                 
I can't carry out that multiplication or division,
since the result is out of range.

../gotham-example/section-BeamerExtra.tex:82: Arithmetic overflow.
<recently read> \calc@denominator 
                                  
l.82 	\end{frame}
                 
I can't carry out that multiplication or division,
since the result is out of range.

../gotham-example/section-BeamerExtra.tex:82: Dimension too large.
<recently read> \calc@B 
                        
l.82 	\end{frame}
                 
I can't work with sizes bigger than about 19 feet.
Continue and I'll use the largest value I can.


Overfull \hbox (15928.7559pt too wide) has occurred while \output is active
[][]  
 []

[71

]
../gotham-example/section-BeamerExtra.tex:84: Arithmetic overflow.
<recently read> \calc@denominator 
                                  
l.84 	\begin{frame}<handout:1|beamer:0>[fragile]{
                                                 Print extended version}
I can't carry out that multiplication or division,
since the result is out of range.

../gotham-example/section-BeamerExtra.tex:84: Arithmetic overflow.
<recently read> \calc@denominator 
                                  
l.84 	\begin{frame}<handout:1|beamer:0>[fragile]{
                                                 Print extended version}
I can't carry out that multiplication or division,
since the result is out of range.

../gotham-example/section-BeamerExtra.tex:84: Arithmetic overflow.
<recently read> \calc@denominator 
                                  
l.84 	\begin{frame}<handout:1|beamer:0>[fragile]{
                                                 Print extended version}
I can't carry out that multiplication or division,
since the result is out of range.

../gotham-example/section-BeamerExtra.tex:84: Arithmetic overflow.
<recently read> \calc@denominator 
                                  
l.84 	\begin{frame}<handout:1|beamer:0>[fragile]{
                                                 Print extended version}
I can't carry out that multiplication or division,
since the result is out of range.

../gotham-example/section-BeamerExtra.tex:84: Arithmetic overflow.
\calc@next@digit ... \multiply \calc@numerator 10 
                                                  \calc@Acount \calc@numerat...
l.84 	\begin{frame}<handout:1|beamer:0>[fragile]{
                                                 Print extended version}
I can't carry out that multiplication or division,
since the result is out of range.

../gotham-example/section-BeamerExtra.tex:84: Arithmetic overflow.
<recently read> \calc@denominator 
                                  
l.84 	\begin{frame}<handout:1|beamer:0>[fragile]{
                                                 Print extended version}
I can't carry out that multiplication or division,
since the result is out of range.

../gotham-example/section-BeamerExtra.tex:84: Arithmetic overflow.
\calc@next@digit ... \multiply \calc@numerator 10 
                                                  \calc@Acount \calc@numerat...
l.84 	\begin{frame}<handout:1|beamer:0>[fragile]{
                                                 Print extended version}
I can't carry out that multiplication or division,
since the result is out of range.

../gotham-example/section-BeamerExtra.tex:84: Arithmetic overflow.
<recently read> \calc@denominator 
                                  
l.84 	\begin{frame}<handout:1|beamer:0>[fragile]{
                                                 Print extended version}
I can't carry out that multiplication or division,
since the result is out of range.

../gotham-example/section-BeamerExtra.tex:84: Arithmetic overflow.
\calc@next@digit ... \multiply \calc@numerator 10 
                                                  \calc@Acount \calc@numerat...
l.84 	\begin{frame}<handout:1|beamer:0>[fragile]{
                                                 Print extended version}
I can't carry out that multiplication or division,
since the result is out of range.

../gotham-example/section-BeamerExtra.tex:84: Arithmetic overflow.
<recently read> \calc@denominator 
                                  
l.84 	\begin{frame}<handout:1|beamer:0>[fragile]{
                                                 Print extended version}
I can't carry out that multiplication or division,
since the result is out of range.

../gotham-example/section-BeamerExtra.tex:84: Dimension too large.
<recently read> \calc@B 
                        
l.84 	\begin{frame}<handout:1|beamer:0>[fragile]{
                                                 Print extended version}
I can't work with sizes bigger than about 19 feet.
Continue and I'll use the largest value I can.


Overfull \hbox (15928.7559pt too wide) in paragraph at lines 84--84
[][]  
 []

) (../gotham-example/section-MyPackages.tex

[72

]
No file Demo_Inria_light169.toc.


[73

]
../gotham-example/section-MyPackages.tex:14: Arithmetic overflow.
<recently read> \calc@denominator 
                                  
l.14 	\end{frame}
                 
I can't carry out that multiplication or division,
since the result is out of range.

../gotham-example/section-MyPackages.tex:14: Arithmetic overflow.
<recently read> \calc@denominator 
                                  
l.14 	\end{frame}
                 
I can't carry out that multiplication or division,
since the result is out of range.

../gotham-example/section-MyPackages.tex:14: Arithmetic overflow.
<recently read> \calc@denominator 
                                  
l.14 	\end{frame}
                 
I can't carry out that multiplication or division,
since the result is out of range.

../gotham-example/section-MyPackages.tex:14: Arithmetic overflow.
<recently read> \calc@denominator 
                                  
l.14 	\end{frame}
                 
I can't carry out that multiplication or division,
since the result is out of range.

../gotham-example/section-MyPackages.tex:14: Arithmetic overflow.
\calc@next@digit ... \multiply \calc@numerator 10 
                                                  \calc@Acount \calc@numerat...
l.14 	\end{frame}
                 
I can't carry out that multiplication or division,
since the result is out of range.

../gotham-example/section-MyPackages.tex:14: Arithmetic overflow.
<recently read> \calc@denominator 
                                  
l.14 	\end{frame}
                 
I can't carry out that multiplication or division,
since the result is out of range.

../gotham-example/section-MyPackages.tex:14: Arithmetic overflow.
\calc@next@digit ... \multiply \calc@numerator 10 
                                                  \calc@Acount \calc@numerat...
l.14 	\end{frame}
                 
I can't carry out that multiplication or division,
since the result is out of range.

../gotham-example/section-MyPackages.tex:14: Arithmetic overflow.
<recently read> \calc@denominator 
                                  
l.14 	\end{frame}
                 
I can't carry out that multiplication or division,
since the result is out of range.

../gotham-example/section-MyPackages.tex:14: Arithmetic overflow.
\calc@next@digit ... \multiply \calc@numerator 10 
                                                  \calc@Acount \calc@numerat...
l.14 	\end{frame}
                 
I can't carry out that multiplication or division,
since the result is out of range.

../gotham-example/section-MyPackages.tex:14: Arithmetic overflow.
<recently read> \calc@denominator 
                                  
l.14 	\end{frame}
                 
I can't carry out that multiplication or division,
since the result is out of range.

../gotham-example/section-MyPackages.tex:14: Dimension too large.
<recently read> \calc@B 
                        
l.14 	\end{frame}
                 
I can't work with sizes bigger than about 19 feet.
Continue and I'll use the largest value I can.


Overfull \hbox (15928.7559pt too wide) in paragraph at lines 14--14
[][]  
 []



File: ../../sources//UGE/logos/UGE-logo.pdf Graphic file (type pdf)
<use ../../sources//UGE/logos/UGE-logo.pdf>
Package pdftex.def Info: ../../sources//UGE/logos/UGE-logo.pdf  used on input l
ine 14.
(pdftex.def)             Requested size: 67.65875pt x 14.22636pt.
../gotham-example/section-MyPackages.tex:14: Arithmetic overflow.
<recently read> \calc@denominator 
                                  
l.14 	\end{frame}
                 
I can't carry out that multiplication or division,
since the result is out of range.

../gotham-example/section-MyPackages.tex:14: Arithmetic overflow.
<recently read> \calc@denominator 
                                  
l.14 	\end{frame}
                 
I can't carry out that multiplication or division,
since the result is out of range.

../gotham-example/section-MyPackages.tex:14: Arithmetic overflow.
<recently read> \calc@denominator 
                                  
l.14 	\end{frame}
                 
I can't carry out that multiplication or division,
since the result is out of range.

../gotham-example/section-MyPackages.tex:14: Arithmetic overflow.
<recently read> \calc@denominator 
                                  
l.14 	\end{frame}
                 
I can't carry out that multiplication or division,
since the result is out of range.

../gotham-example/section-MyPackages.tex:14: Arithmetic overflow.
\calc@next@digit ... \multiply \calc@numerator 10 
                                                  \calc@Acount \calc@numerat...
l.14 	\end{frame}
                 
I can't carry out that multiplication or division,
since the result is out of range.

../gotham-example/section-MyPackages.tex:14: Arithmetic overflow.
<recently read> \calc@denominator 
                                  
l.14 	\end{frame}
                 
I can't carry out that multiplication or division,
since the result is out of range.

../gotham-example/section-MyPackages.tex:14: Arithmetic overflow.
\calc@next@digit ... \multiply \calc@numerator 10 
                                                  \calc@Acount \calc@numerat...
l.14 	\end{frame}
                 
I can't carry out that multiplication or division,
since the result is out of range.

../gotham-example/section-MyPackages.tex:14: Arithmetic overflow.
<recently read> \calc@denominator 
                                  
l.14 	\end{frame}
                 
I can't carry out that multiplication or division,
since the result is out of range.

../gotham-example/section-MyPackages.tex:14: Arithmetic overflow.
\calc@next@digit ... \multiply \calc@numerator 10 
                                                  \calc@Acount \calc@numerat...
l.14 	\end{frame}
                 
I can't carry out that multiplication or division,
since the result is out of range.

../gotham-example/section-MyPackages.tex:14: Arithmetic overflow.
<recently read> \calc@denominator 
                                  
l.14 	\end{frame}
                 
I can't carry out that multiplication or division,
since the result is out of range.

../gotham-example/section-MyPackages.tex:14: Dimension too large.
<recently read> \calc@B 
                        
l.14 	\end{frame}
                 
I can't work with sizes bigger than about 19 feet.
Continue and I'll use the largest value I can.


Overfull \hbox (15928.7559pt too wide) has occurred while \output is active
[][]  
 []

[74

]
../gotham-example/section-MyPackages.tex:26: Arithmetic overflow.
<recently read> \calc@denominator 
                                  
l.26 	\end{frame}
                 
I can't carry out that multiplication or division,
since the result is out of range.

../gotham-example/section-MyPackages.tex:26: Arithmetic overflow.
<recently read> \calc@denominator 
                                  
l.26 	\end{frame}
                 
I can't carry out that multiplication or division,
since the result is out of range.

../gotham-example/section-MyPackages.tex:26: Arithmetic overflow.
<recently read> \calc@denominator 
                                  
l.26 	\end{frame}
                 
I can't carry out that multiplication or division,
since the result is out of range.

../gotham-example/section-MyPackages.tex:26: Arithmetic overflow.
<recently read> \calc@denominator 
                                  
l.26 	\end{frame}
                 
I can't carry out that multiplication or division,
since the result is out of range.

../gotham-example/section-MyPackages.tex:26: Arithmetic overflow.
\calc@next@digit ... \multiply \calc@numerator 10 
                                                  \calc@Acount \calc@numerat...
l.26 	\end{frame}
                 
I can't carry out that multiplication or division,
since the result is out of range.

../gotham-example/section-MyPackages.tex:26: Arithmetic overflow.
<recently read> \calc@denominator 
                                  
l.26 	\end{frame}
                 
I can't carry out that multiplication or division,
since the result is out of range.

../gotham-example/section-MyPackages.tex:26: Arithmetic overflow.
\calc@next@digit ... \multiply \calc@numerator 10 
                                                  \calc@Acount \calc@numerat...
l.26 	\end{frame}
                 
I can't carry out that multiplication or division,
since the result is out of range.

../gotham-example/section-MyPackages.tex:26: Arithmetic overflow.
<recently read> \calc@denominator 
                                  
l.26 	\end{frame}
                 
I can't carry out that multiplication or division,
since the result is out of range.

../gotham-example/section-MyPackages.tex:26: Arithmetic overflow.
\calc@next@digit ... \multiply \calc@numerator 10 
                                                  \calc@Acount \calc@numerat...
l.26 	\end{frame}
                 
I can't carry out that multiplication or division,
since the result is out of range.

../gotham-example/section-MyPackages.tex:26: Arithmetic overflow.
<recently read> \calc@denominator 
                                  
l.26 	\end{frame}
                 
I can't carry out that multiplication or division,
since the result is out of range.

../gotham-example/section-MyPackages.tex:26: Dimension too large.
<recently read> \calc@B 
                        
l.26 	\end{frame}
                 
I can't work with sizes bigger than about 19 feet.
Continue and I'll use the largest value I can.


Overfull \hbox (15928.7559pt too wide) in paragraph at lines 26--26
[][]  
 []


Package glossaries-extra Warning: Glossary entry `lbm' has not been defined on 
input line 26.


Package glossaries-extra Warning: Glossary entry `BoltzDist' has not been defin
ed on input line 26.


Package glossaries-extra Warning: Glossary entry `BoltzDist' has not been defin
ed on input line 26.


Package glossaries-extra Warning: Glossary entry `BoltzDist' has not been defin
ed on input line 26.


Package glossaries-extra Warning: Glossary entry `BoltzDist' has not been defin
ed on input line 26.


Package glossaries-extra Warning: Glossary entry `BoltzDist' has not been defin
ed on input line 26.



File: ../../sources//UGE/logos/UGE-logo.pdf Graphic file (type pdf)
<use ../../sources//UGE/logos/UGE-logo.pdf>
Package pdftex.def Info: ../../sources//UGE/logos/UGE-logo.pdf  used on input l
ine 26.
(pdftex.def)             Requested size: 67.65875pt x 14.22636pt.
../gotham-example/section-MyPackages.tex:26: Arithmetic overflow.
<recently read> \calc@denominator 
                                  
l.26 	\end{frame}
                 
I can't carry out that multiplication or division,
since the result is out of range.

../gotham-example/section-MyPackages.tex:26: Arithmetic overflow.
<recently read> \calc@denominator 
                                  
l.26 	\end{frame}
                 
I can't carry out that multiplication or division,
since the result is out of range.

../gotham-example/section-MyPackages.tex:26: Arithmetic overflow.
<recently read> \calc@denominator 
                                  
l.26 	\end{frame}
                 
I can't carry out that multiplication or division,
since the result is out of range.

../gotham-example/section-MyPackages.tex:26: Arithmetic overflow.
<recently read> \calc@denominator 
                                  
l.26 	\end{frame}
                 
I can't carry out that multiplication or division,
since the result is out of range.

../gotham-example/section-MyPackages.tex:26: Arithmetic overflow.
\calc@next@digit ... \multiply \calc@numerator 10 
                                                  \calc@Acount \calc@numerat...
l.26 	\end{frame}
                 
I can't carry out that multiplication or division,
since the result is out of range.

../gotham-example/section-MyPackages.tex:26: Arithmetic overflow.
<recently read> \calc@denominator 
                                  
l.26 	\end{frame}
                 
I can't carry out that multiplication or division,
since the result is out of range.

../gotham-example/section-MyPackages.tex:26: Arithmetic overflow.
\calc@next@digit ... \multiply \calc@numerator 10 
                                                  \calc@Acount \calc@numerat...
l.26 	\end{frame}
                 
I can't carry out that multiplication or division,
since the result is out of range.

../gotham-example/section-MyPackages.tex:26: Arithmetic overflow.
<recently read> \calc@denominator 
                                  
l.26 	\end{frame}
                 
I can't carry out that multiplication or division,
since the result is out of range.

../gotham-example/section-MyPackages.tex:26: Arithmetic overflow.
\calc@next@digit ... \multiply \calc@numerator 10 
                                                  \calc@Acount \calc@numerat...
l.26 	\end{frame}
                 
I can't carry out that multiplication or division,
since the result is out of range.

../gotham-example/section-MyPackages.tex:26: Arithmetic overflow.
<recently read> \calc@denominator 
                                  
l.26 	\end{frame}
                 
I can't carry out that multiplication or division,
since the result is out of range.

../gotham-example/section-MyPackages.tex:26: Dimension too large.
<recently read> \calc@B 
                        
l.26 	\end{frame}
                 
I can't work with sizes bigger than about 19 feet.
Continue and I'll use the largest value I can.


Overfull \hbox (15928.7559pt too wide) has occurred while \output is active
[][]  
 []

[75

]
../gotham-example/section-MyPackages.tex:29: Arithmetic overflow.
<recently read> \calc@denominator 
                                  
l.29 	\begin{frame}[fragile]{
                             Cite in the footnote}
I can't carry out that multiplication or division,
since the result is out of range.

../gotham-example/section-MyPackages.tex:29: Arithmetic overflow.
<recently read> \calc@denominator 
                                  
l.29 	\begin{frame}[fragile]{
                             Cite in the footnote}
I can't carry out that multiplication or division,
since the result is out of range.

../gotham-example/section-MyPackages.tex:29: Arithmetic overflow.
<recently read> \calc@denominator 
                                  
l.29 	\begin{frame}[fragile]{
                             Cite in the footnote}
I can't carry out that multiplication or division,
since the result is out of range.

../gotham-example/section-MyPackages.tex:29: Arithmetic overflow.
<recently read> \calc@denominator 
                                  
l.29 	\begin{frame}[fragile]{
                             Cite in the footnote}
I can't carry out that multiplication or division,
since the result is out of range.

../gotham-example/section-MyPackages.tex:29: Arithmetic overflow.
\calc@next@digit ... \multiply \calc@numerator 10 
                                                  \calc@Acount \calc@numerat...
l.29 	\begin{frame}[fragile]{
                             Cite in the footnote}
I can't carry out that multiplication or division,
since the result is out of range.

../gotham-example/section-MyPackages.tex:29: Arithmetic overflow.
<recently read> \calc@denominator 
                                  
l.29 	\begin{frame}[fragile]{
                             Cite in the footnote}
I can't carry out that multiplication or division,
since the result is out of range.

../gotham-example/section-MyPackages.tex:29: Arithmetic overflow.
\calc@next@digit ... \multiply \calc@numerator 10 
                                                  \calc@Acount \calc@numerat...
l.29 	\begin{frame}[fragile]{
                             Cite in the footnote}
I can't carry out that multiplication or division,
since the result is out of range.

../gotham-example/section-MyPackages.tex:29: Arithmetic overflow.
<recently read> \calc@denominator 
                                  
l.29 	\begin{frame}[fragile]{
                             Cite in the footnote}
I can't carry out that multiplication or division,
since the result is out of range.

../gotham-example/section-MyPackages.tex:29: Arithmetic overflow.
\calc@next@digit ... \multiply \calc@numerator 10 
                                                  \calc@Acount \calc@numerat...
l.29 	\begin{frame}[fragile]{
                             Cite in the footnote}
I can't carry out that multiplication or division,
since the result is out of range.

../gotham-example/section-MyPackages.tex:29: Arithmetic overflow.
<recently read> \calc@denominator 
                                  
l.29 	\begin{frame}[fragile]{
                             Cite in the footnote}
I can't carry out that multiplication or division,
since the result is out of range.

../gotham-example/section-MyPackages.tex:29: Dimension too large.
<recently read> \calc@B 
                        
l.29 	\begin{frame}[fragile]{
                             Cite in the footnote}
I can't work with sizes bigger than about 19 feet.
Continue and I'll use the largest value I can.


Overfull \hbox (15928.7559pt too wide) in paragraph at lines 29--29
[][]  
 []

\openout4 = `Demo_Inria_light169.vrb'.

../gotham-example/section-MyPackages.tex:41: Arithmetic overflow.
<recently read> \calc@denominator 
                                  
l.41 	\end{frame}
                 
I can't carry out that multiplication or division,
since the result is out of range.

../gotham-example/section-MyPackages.tex:41: Arithmetic overflow.
<recently read> \calc@denominator 
                                  
l.41 	\end{frame}
                 
I can't carry out that multiplication or division,
since the result is out of range.

../gotham-example/section-MyPackages.tex:41: Arithmetic overflow.
<recently read> \calc@denominator 
                                  
l.41 	\end{frame}
                 
I can't carry out that multiplication or division,
since the result is out of range.

../gotham-example/section-MyPackages.tex:41: Arithmetic overflow.
<recently read> \calc@denominator 
                                  
l.41 	\end{frame}
                 
I can't carry out that multiplication or division,
since the result is out of range.

../gotham-example/section-MyPackages.tex:41: Arithmetic overflow.
\calc@next@digit ... \multiply \calc@numerator 10 
                                                  \calc@Acount \calc@numerat...
l.41 	\end{frame}
                 
I can't carry out that multiplication or division,
since the result is out of range.

../gotham-example/section-MyPackages.tex:41: Arithmetic overflow.
<recently read> \calc@denominator 
                                  
l.41 	\end{frame}
                 
I can't carry out that multiplication or division,
since the result is out of range.

../gotham-example/section-MyPackages.tex:41: Arithmetic overflow.
\calc@next@digit ... \multiply \calc@numerator 10 
                                                  \calc@Acount \calc@numerat...
l.41 	\end{frame}
                 
I can't carry out that multiplication or division,
since the result is out of range.

../gotham-example/section-MyPackages.tex:41: Arithmetic overflow.
<recently read> \calc@denominator 
                                  
l.41 	\end{frame}
                 
I can't carry out that multiplication or division,
since the result is out of range.

../gotham-example/section-MyPackages.tex:41: Arithmetic overflow.
\calc@next@digit ... \multiply \calc@numerator 10 
                                                  \calc@Acount \calc@numerat...
l.41 	\end{frame}
                 
I can't carry out that multiplication or division,
since the result is out of range.

../gotham-example/section-MyPackages.tex:41: Arithmetic overflow.
<recently read> \calc@denominator 
                                  
l.41 	\end{frame}
                 
I can't carry out that multiplication or division,
since the result is out of range.

../gotham-example/section-MyPackages.tex:41: Dimension too large.
<recently read> \calc@B 
                        
l.41 	\end{frame}
                 
I can't work with sizes bigger than about 19 feet.
Continue and I'll use the largest value I can.


Overfull \hbox (15928.7559pt too wide) in paragraph at lines 41--41
[][]  
 []

(/home/hamid/Stage_Inria_dynamique/out/Demo_Inria_light169.vrb

LaTeX Warning: Citation 'Knuth92' on page 76 undefined on input line 2.


LaTeX Warning: Citation 'ConcreteMath' on page 76 undefined on input line 12.

)

File: ../../sources//UGE/logos/UGE-logo.pdf Graphic file (type pdf)
<use ../../sources//UGE/logos/UGE-logo.pdf>
Package pdftex.def Info: ../../sources//UGE/logos/UGE-logo.pdf  used on input l
ine 41.
(pdftex.def)             Requested size: 67.65875pt x 14.22636pt.
../gotham-example/section-MyPackages.tex:41: Arithmetic overflow.
<recently read> \calc@denominator 
                                  
l.41 	\end{frame}
                 
I can't carry out that multiplication or division,
since the result is out of range.

../gotham-example/section-MyPackages.tex:41: Arithmetic overflow.
<recently read> \calc@denominator 
                                  
l.41 	\end{frame}
                 
I can't carry out that multiplication or division,
since the result is out of range.

../gotham-example/section-MyPackages.tex:41: Arithmetic overflow.
<recently read> \calc@denominator 
                                  
l.41 	\end{frame}
                 
I can't carry out that multiplication or division,
since the result is out of range.

../gotham-example/section-MyPackages.tex:41: Arithmetic overflow.
<recently read> \calc@denominator 
                                  
l.41 	\end{frame}
                 
I can't carry out that multiplication or division,
since the result is out of range.

../gotham-example/section-MyPackages.tex:41: Arithmetic overflow.
\calc@next@digit ... \multiply \calc@numerator 10 
                                                  \calc@Acount \calc@numerat...
l.41 	\end{frame}
                 
I can't carry out that multiplication or division,
since the result is out of range.

../gotham-example/section-MyPackages.tex:41: Arithmetic overflow.
<recently read> \calc@denominator 
                                  
l.41 	\end{frame}
                 
I can't carry out that multiplication or division,
since the result is out of range.

../gotham-example/section-MyPackages.tex:41: Arithmetic overflow.
\calc@next@digit ... \multiply \calc@numerator 10 
                                                  \calc@Acount \calc@numerat...
l.41 	\end{frame}
                 
I can't carry out that multiplication or division,
since the result is out of range.

../gotham-example/section-MyPackages.tex:41: Arithmetic overflow.
<recently read> \calc@denominator 
                                  
l.41 	\end{frame}
                 
I can't carry out that multiplication or division,
since the result is out of range.

../gotham-example/section-MyPackages.tex:41: Arithmetic overflow.
\calc@next@digit ... \multiply \calc@numerator 10 
                                                  \calc@Acount \calc@numerat...
l.41 	\end{frame}
                 
I can't carry out that multiplication or division,
since the result is out of range.

../gotham-example/section-MyPackages.tex:41: Arithmetic overflow.
<recently read> \calc@denominator 
                                  
l.41 	\end{frame}
                 
I can't carry out that multiplication or division,
since the result is out of range.

../gotham-example/section-MyPackages.tex:41: Dimension too large.
<recently read> \calc@B 
                        
l.41 	\end{frame}
                 
I can't work with sizes bigger than about 19 feet.
Continue and I'll use the largest value I can.


Overfull \hbox (15928.7559pt too wide) has occurred while \output is active
[][]  
 []

[76

]
../gotham-example/section-MyPackages.tex:84: Arithmetic overflow.
<recently read> \calc@denominator 
                                  
l.84 	\end{frame}
                 
I can't carry out that multiplication or division,
since the result is out of range.

../gotham-example/section-MyPackages.tex:84: Arithmetic overflow.
<recently read> \calc@denominator 
                                  
l.84 	\end{frame}
                 
I can't carry out that multiplication or division,
since the result is out of range.

../gotham-example/section-MyPackages.tex:84: Arithmetic overflow.
<recently read> \calc@denominator 
                                  
l.84 	\end{frame}
                 
I can't carry out that multiplication or division,
since the result is out of range.

../gotham-example/section-MyPackages.tex:84: Arithmetic overflow.
<recently read> \calc@denominator 
                                  
l.84 	\end{frame}
                 
I can't carry out that multiplication or division,
since the result is out of range.

../gotham-example/section-MyPackages.tex:84: Arithmetic overflow.
\calc@next@digit ... \multiply \calc@numerator 10 
                                                  \calc@Acount \calc@numerat...
l.84 	\end{frame}
                 
I can't carry out that multiplication or division,
since the result is out of range.

../gotham-example/section-MyPackages.tex:84: Arithmetic overflow.
<recently read> \calc@denominator 
                                  
l.84 	\end{frame}
                 
I can't carry out that multiplication or division,
since the result is out of range.

../gotham-example/section-MyPackages.tex:84: Arithmetic overflow.
\calc@next@digit ... \multiply \calc@numerator 10 
                                                  \calc@Acount \calc@numerat...
l.84 	\end{frame}
                 
I can't carry out that multiplication or division,
since the result is out of range.

../gotham-example/section-MyPackages.tex:84: Arithmetic overflow.
<recently read> \calc@denominator 
                                  
l.84 	\end{frame}
                 
I can't carry out that multiplication or division,
since the result is out of range.

../gotham-example/section-MyPackages.tex:84: Arithmetic overflow.
\calc@next@digit ... \multiply \calc@numerator 10 
                                                  \calc@Acount \calc@numerat...
l.84 	\end{frame}
                 
I can't carry out that multiplication or division,
since the result is out of range.

../gotham-example/section-MyPackages.tex:84: Arithmetic overflow.
<recently read> \calc@denominator 
                                  
l.84 	\end{frame}
                 
I can't carry out that multiplication or division,
since the result is out of range.

../gotham-example/section-MyPackages.tex:84: Dimension too large.
<recently read> \calc@B 
                        
l.84 	\end{frame}
                 
I can't work with sizes bigger than about 19 feet.
Continue and I'll use the largest value I can.


Overfull \hbox (15928.7559pt too wide) in paragraph at lines 84--84
[][]  
 []


Package multimedia Warning: The movie file ``../../supplies//Air_convec.mp4'' c
ould not be found in the current directory, where it must reside for viewing. o
n input line 84.

<../../supplies//Thermal_convec.png, id=700, 963.6pt x 722.7pt>
File: ../../supplies//Thermal_convec.png Graphic file (type png)
<use ../../supplies//Thermal_convec.png>
Package pdftex.def Info: ../../supplies//Thermal_convec.png  used on input line
 84.
(pdftex.def)             Requested size: 146.38638pt x 105.3898pt.


File: ../../sources//UGE/logos/UGE-logo.pdf Graphic file (type pdf)
<use ../../sources//UGE/logos/UGE-logo.pdf>
Package pdftex.def Info: ../../sources//UGE/logos/UGE-logo.pdf  used on input l
ine 84.
(pdftex.def)             Requested size: 67.65875pt x 14.22636pt.
../gotham-example/section-MyPackages.tex:84: Arithmetic overflow.
<recently read> \calc@denominator 
                                  
l.84 	\end{frame}
                 
I can't carry out that multiplication or division,
since the result is out of range.

../gotham-example/section-MyPackages.tex:84: Arithmetic overflow.
<recently read> \calc@denominator 
                                  
l.84 	\end{frame}
                 
I can't carry out that multiplication or division,
since the result is out of range.

../gotham-example/section-MyPackages.tex:84: Arithmetic overflow.
<recently read> \calc@denominator 
                                  
l.84 	\end{frame}
                 
I can't carry out that multiplication or division,
since the result is out of range.

../gotham-example/section-MyPackages.tex:84: Arithmetic overflow.
<recently read> \calc@denominator 
                                  
l.84 	\end{frame}
                 
I can't carry out that multiplication or division,
since the result is out of range.

../gotham-example/section-MyPackages.tex:84: Arithmetic overflow.
\calc@next@digit ... \multiply \calc@numerator 10 
                                                  \calc@Acount \calc@numerat...
l.84 	\end{frame}
                 
I can't carry out that multiplication or division,
since the result is out of range.

../gotham-example/section-MyPackages.tex:84: Arithmetic overflow.
<recently read> \calc@denominator 
                                  
l.84 	\end{frame}
                 
I can't carry out that multiplication or division,
since the result is out of range.

../gotham-example/section-MyPackages.tex:84: Arithmetic overflow.
\calc@next@digit ... \multiply \calc@numerator 10 
                                                  \calc@Acount \calc@numerat...
l.84 	\end{frame}
                 
I can't carry out that multiplication or division,
since the result is out of range.

../gotham-example/section-MyPackages.tex:84: Arithmetic overflow.
<recently read> \calc@denominator 
                                  
l.84 	\end{frame}
                 
I can't carry out that multiplication or division,
since the result is out of range.

../gotham-example/section-MyPackages.tex:84: Arithmetic overflow.
\calc@next@digit ... \multiply \calc@numerator 10 
                                                  \calc@Acount \calc@numerat...
l.84 	\end{frame}
                 
I can't carry out that multiplication or division,
since the result is out of range.

../gotham-example/section-MyPackages.tex:84: Arithmetic overflow.
<recently read> \calc@denominator 
                                  
l.84 	\end{frame}
                 
I can't carry out that multiplication or division,
since the result is out of range.

../gotham-example/section-MyPackages.tex:84: Dimension too large.
<recently read> \calc@B 
                        
l.84 	\end{frame}
                 
I can't work with sizes bigger than about 19 feet.
Continue and I'll use the largest value I can.


Overfull \hbox (15928.7559pt too wide) has occurred while \output is active
[][]  
 []

[77

 <../../supplies//Thermal_convec.png (PNG copy)>]
../gotham-example/section-MyPackages.tex:87: Arithmetic overflow.
<recently read> \calc@denominator 
                                  
l.87 	\begin{frame}<handout:1|beamer:0>[fragile]{
                                                 Warning about \texttt{\text...
I can't carry out that multiplication or division,
since the result is out of range.

../gotham-example/section-MyPackages.tex:87: Arithmetic overflow.
<recently read> \calc@denominator 
                                  
l.87 	\begin{frame}<handout:1|beamer:0>[fragile]{
                                                 Warning about \texttt{\text...
I can't carry out that multiplication or division,
since the result is out of range.

../gotham-example/section-MyPackages.tex:87: Arithmetic overflow.
<recently read> \calc@denominator 
                                  
l.87 	\begin{frame}<handout:1|beamer:0>[fragile]{
                                                 Warning about \texttt{\text...
I can't carry out that multiplication or division,
since the result is out of range.

../gotham-example/section-MyPackages.tex:87: Arithmetic overflow.
<recently read> \calc@denominator 
                                  
l.87 	\begin{frame}<handout:1|beamer:0>[fragile]{
                                                 Warning about \texttt{\text...
I can't carry out that multiplication or division,
since the result is out of range.

../gotham-example/section-MyPackages.tex:87: Arithmetic overflow.
\calc@next@digit ... \multiply \calc@numerator 10 
                                                  \calc@Acount \calc@numerat...
l.87 	\begin{frame}<handout:1|beamer:0>[fragile]{
                                                 Warning about \texttt{\text...
I can't carry out that multiplication or division,
since the result is out of range.

../gotham-example/section-MyPackages.tex:87: Arithmetic overflow.
<recently read> \calc@denominator 
                                  
l.87 	\begin{frame}<handout:1|beamer:0>[fragile]{
                                                 Warning about \texttt{\text...
I can't carry out that multiplication or division,
since the result is out of range.

../gotham-example/section-MyPackages.tex:87: Arithmetic overflow.
\calc@next@digit ... \multiply \calc@numerator 10 
                                                  \calc@Acount \calc@numerat...
l.87 	\begin{frame}<handout:1|beamer:0>[fragile]{
                                                 Warning about \texttt{\text...
I can't carry out that multiplication or division,
since the result is out of range.

../gotham-example/section-MyPackages.tex:87: Arithmetic overflow.
<recently read> \calc@denominator 
                                  
l.87 	\begin{frame}<handout:1|beamer:0>[fragile]{
                                                 Warning about \texttt{\text...
I can't carry out that multiplication or division,
since the result is out of range.

../gotham-example/section-MyPackages.tex:87: Arithmetic overflow.
\calc@next@digit ... \multiply \calc@numerator 10 
                                                  \calc@Acount \calc@numerat...
l.87 	\begin{frame}<handout:1|beamer:0>[fragile]{
                                                 Warning about \texttt{\text...
I can't carry out that multiplication or division,
since the result is out of range.

../gotham-example/section-MyPackages.tex:87: Arithmetic overflow.
<recently read> \calc@denominator 
                                  
l.87 	\begin{frame}<handout:1|beamer:0>[fragile]{
                                                 Warning about \texttt{\text...
I can't carry out that multiplication or division,
since the result is out of range.

../gotham-example/section-MyPackages.tex:87: Dimension too large.
<recently read> \calc@B 
                        
l.87 	\begin{frame}<handout:1|beamer:0>[fragile]{
                                                 Warning about \texttt{\text...
I can't work with sizes bigger than about 19 feet.
Continue and I'll use the largest value I can.


Overfull \hbox (15928.7559pt too wide) in paragraph at lines 87--87
[][]  
 []

../gotham-example/section-MyPackages.tex:94: Arithmetic overflow.
<recently read> \calc@denominator 
                                  
l.94 	\begin{frame}[fragile]{
                             Warning about \texttt{\textbackslash includeVid...
I can't carry out that multiplication or division,
since the result is out of range.

../gotham-example/section-MyPackages.tex:94: Arithmetic overflow.
<recently read> \calc@denominator 
                                  
l.94 	\begin{frame}[fragile]{
                             Warning about \texttt{\textbackslash includeVid...
I can't carry out that multiplication or division,
since the result is out of range.

../gotham-example/section-MyPackages.tex:94: Arithmetic overflow.
<recently read> \calc@denominator 
                                  
l.94 	\begin{frame}[fragile]{
                             Warning about \texttt{\textbackslash includeVid...
I can't carry out that multiplication or division,
since the result is out of range.

../gotham-example/section-MyPackages.tex:94: Arithmetic overflow.
<recently read> \calc@denominator 
                                  
l.94 	\begin{frame}[fragile]{
                             Warning about \texttt{\textbackslash includeVid...
I can't carry out that multiplication or division,
since the result is out of range.

../gotham-example/section-MyPackages.tex:94: Arithmetic overflow.
\calc@next@digit ... \multiply \calc@numerator 10 
                                                  \calc@Acount \calc@numerat...
l.94 	\begin{frame}[fragile]{
                             Warning about \texttt{\textbackslash includeVid...
I can't carry out that multiplication or division,
since the result is out of range.

../gotham-example/section-MyPackages.tex:94: Arithmetic overflow.
<recently read> \calc@denominator 
                                  
l.94 	\begin{frame}[fragile]{
                             Warning about \texttt{\textbackslash includeVid...
I can't carry out that multiplication or division,
since the result is out of range.

../gotham-example/section-MyPackages.tex:94: Arithmetic overflow.
\calc@next@digit ... \multiply \calc@numerator 10 
                                                  \calc@Acount \calc@numerat...
l.94 	\begin{frame}[fragile]{
                             Warning about \texttt{\textbackslash includeVid...
I can't carry out that multiplication or division,
since the result is out of range.

../gotham-example/section-MyPackages.tex:94: Arithmetic overflow.
<recently read> \calc@denominator 
                                  
l.94 	\begin{frame}[fragile]{
                             Warning about \texttt{\textbackslash includeVid...
I can't carry out that multiplication or division,
since the result is out of range.

../gotham-example/section-MyPackages.tex:94: Arithmetic overflow.
\calc@next@digit ... \multiply \calc@numerator 10 
                                                  \calc@Acount \calc@numerat...
l.94 	\begin{frame}[fragile]{
                             Warning about \texttt{\textbackslash includeVid...
I can't carry out that multiplication or division,
since the result is out of range.

../gotham-example/section-MyPackages.tex:94: Arithmetic overflow.
<recently read> \calc@denominator 
                                  
l.94 	\begin{frame}[fragile]{
                             Warning about \texttt{\textbackslash includeVid...
I can't carry out that multiplication or division,
since the result is out of range.

../gotham-example/section-MyPackages.tex:94: Dimension too large.
<recently read> \calc@B 
                        
l.94 	\begin{frame}[fragile]{
                             Warning about \texttt{\textbackslash includeVid...
I can't work with sizes bigger than about 19 feet.
Continue and I'll use the largest value I can.


Overfull \hbox (15928.7559pt too wide) in paragraph at lines 94--94
[][]  
 []

\openout4 = `Demo_Inria_light169.vrb'.

../gotham-example/section-MyPackages.tex:108: Arithmetic overflow.
<recently read> \calc@denominator 
                                  
l.108 	\end{frame}
                  
I can't carry out that multiplication or division,
since the result is out of range.

../gotham-example/section-MyPackages.tex:108: Arithmetic overflow.
<recently read> \calc@denominator 
                                  
l.108 	\end{frame}
                  
I can't carry out that multiplication or division,
since the result is out of range.

../gotham-example/section-MyPackages.tex:108: Arithmetic overflow.
<recently read> \calc@denominator 
                                  
l.108 	\end{frame}
                  
I can't carry out that multiplication or division,
since the result is out of range.

../gotham-example/section-MyPackages.tex:108: Arithmetic overflow.
<recently read> \calc@denominator 
                                  
l.108 	\end{frame}
                  
I can't carry out that multiplication or division,
since the result is out of range.

../gotham-example/section-MyPackages.tex:108: Arithmetic overflow.
\calc@next@digit ... \multiply \calc@numerator 10 
                                                  \calc@Acount \calc@numerat...
l.108 	\end{frame}
                  
I can't carry out that multiplication or division,
since the result is out of range.

../gotham-example/section-MyPackages.tex:108: Arithmetic overflow.
<recently read> \calc@denominator 
                                  
l.108 	\end{frame}
                  
I can't carry out that multiplication or division,
since the result is out of range.

../gotham-example/section-MyPackages.tex:108: Arithmetic overflow.
\calc@next@digit ... \multiply \calc@numerator 10 
                                                  \calc@Acount \calc@numerat...
l.108 	\end{frame}
                  
I can't carry out that multiplication or division,
since the result is out of range.

../gotham-example/section-MyPackages.tex:108: Arithmetic overflow.
<recently read> \calc@denominator 
                                  
l.108 	\end{frame}
                  
I can't carry out that multiplication or division,
since the result is out of range.

../gotham-example/section-MyPackages.tex:108: Arithmetic overflow.
\calc@next@digit ... \multiply \calc@numerator 10 
                                                  \calc@Acount \calc@numerat...
l.108 	\end{frame}
                  
I can't carry out that multiplication or division,
since the result is out of range.

../gotham-example/section-MyPackages.tex:108: Arithmetic overflow.
<recently read> \calc@denominator 
                                  
l.108 	\end{frame}
                  
I can't carry out that multiplication or division,
since the result is out of range.

../gotham-example/section-MyPackages.tex:108: Dimension too large.
<recently read> \calc@B 
                        
l.108 	\end{frame}
                  
I can't work with sizes bigger than about 19 feet.
Continue and I'll use the largest value I can.


Overfull \hbox (15928.7559pt too wide) in paragraph at lines 108--108
[][]  
 []

(/home/hamid/Stage_Inria_dynamique/out/Demo_Inria_light169.vrb)
LaTeX Font Info:    Font shape `T1/lmtt/bx/n' in size <12> not available
(Font)              Font shape `T1/lmtt/b/n' tried instead on input line 108.


File: ../../sources//UGE/logos/UGE-logo.pdf Graphic file (type pdf)
<use ../../sources//UGE/logos/UGE-logo.pdf>
Package pdftex.def Info: ../../sources//UGE/logos/UGE-logo.pdf  used on input l
ine 108.
(pdftex.def)             Requested size: 67.65875pt x 14.22636pt.
../gotham-example/section-MyPackages.tex:108: Arithmetic overflow.
<recently read> \calc@denominator 
                                  
l.108 	\end{frame}
                  
I can't carry out that multiplication or division,
since the result is out of range.

../gotham-example/section-MyPackages.tex:108: Arithmetic overflow.
<recently read> \calc@denominator 
                                  
l.108 	\end{frame}
                  
I can't carry out that multiplication or division,
since the result is out of range.

../gotham-example/section-MyPackages.tex:108: Arithmetic overflow.
<recently read> \calc@denominator 
                                  
l.108 	\end{frame}
                  
I can't carry out that multiplication or division,
since the result is out of range.

../gotham-example/section-MyPackages.tex:108: Arithmetic overflow.
<recently read> \calc@denominator 
                                  
l.108 	\end{frame}
                  
I can't carry out that multiplication or division,
since the result is out of range.

../gotham-example/section-MyPackages.tex:108: Arithmetic overflow.
\calc@next@digit ... \multiply \calc@numerator 10 
                                                  \calc@Acount \calc@numerat...
l.108 	\end{frame}
                  
I can't carry out that multiplication or division,
since the result is out of range.

../gotham-example/section-MyPackages.tex:108: Arithmetic overflow.
<recently read> \calc@denominator 
                                  
l.108 	\end{frame}
                  
I can't carry out that multiplication or division,
since the result is out of range.

../gotham-example/section-MyPackages.tex:108: Arithmetic overflow.
\calc@next@digit ... \multiply \calc@numerator 10 
                                                  \calc@Acount \calc@numerat...
l.108 	\end{frame}
                  
I can't carry out that multiplication or division,
since the result is out of range.

../gotham-example/section-MyPackages.tex:108: Arithmetic overflow.
<recently read> \calc@denominator 
                                  
l.108 	\end{frame}
                  
I can't carry out that multiplication or division,
since the result is out of range.

../gotham-example/section-MyPackages.tex:108: Arithmetic overflow.
\calc@next@digit ... \multiply \calc@numerator 10 
                                                  \calc@Acount \calc@numerat...
l.108 	\end{frame}
                  
I can't carry out that multiplication or division,
since the result is out of range.

../gotham-example/section-MyPackages.tex:108: Arithmetic overflow.
<recently read> \calc@denominator 
                                  
l.108 	\end{frame}
                  
I can't carry out that multiplication or division,
since the result is out of range.

../gotham-example/section-MyPackages.tex:108: Dimension too large.
<recently read> \calc@B 
                        
l.108 	\end{frame}
                  
I can't work with sizes bigger than about 19 feet.
Continue and I'll use the largest value I can.


Overfull \hbox (15928.7559pt too wide) has occurred while \output is active
[][]  
 []

[78

]
\c@r=\count620
\c@m=\count621
\c@mc=\count622

../gotham-example/section-MyPackages.tex:120: Arithmetic overflow.
<recently read> \calc@denominator 
                                  
l.120 	\begin{frame}[fragile]{
                              Video using animate}
I can't carry out that multiplication or division,
since the result is out of range.

../gotham-example/section-MyPackages.tex:120: Arithmetic overflow.
<recently read> \calc@denominator 
                                  
l.120 	\begin{frame}[fragile]{
                              Video using animate}
I can't carry out that multiplication or division,
since the result is out of range.

../gotham-example/section-MyPackages.tex:120: Arithmetic overflow.
<recently read> \calc@denominator 
                                  
l.120 	\begin{frame}[fragile]{
                              Video using animate}
I can't carry out that multiplication or division,
since the result is out of range.

../gotham-example/section-MyPackages.tex:120: Arithmetic overflow.
<recently read> \calc@denominator 
                                  
l.120 	\begin{frame}[fragile]{
                              Video using animate}
I can't carry out that multiplication or division,
since the result is out of range.

../gotham-example/section-MyPackages.tex:120: Arithmetic overflow.
\calc@next@digit ... \multiply \calc@numerator 10 
                                                  \calc@Acount \calc@numerat...
l.120 	\begin{frame}[fragile]{
                              Video using animate}
I can't carry out that multiplication or division,
since the result is out of range.

../gotham-example/section-MyPackages.tex:120: Arithmetic overflow.
<recently read> \calc@denominator 
                                  
l.120 	\begin{frame}[fragile]{
                              Video using animate}
I can't carry out that multiplication or division,
since the result is out of range.

../gotham-example/section-MyPackages.tex:120: Arithmetic overflow.
\calc@next@digit ... \multiply \calc@numerator 10 
                                                  \calc@Acount \calc@numerat...
l.120 	\begin{frame}[fragile]{
                              Video using animate}
I can't carry out that multiplication or division,
since the result is out of range.

../gotham-example/section-MyPackages.tex:120: Arithmetic overflow.
<recently read> \calc@denominator 
                                  
l.120 	\begin{frame}[fragile]{
                              Video using animate}
I can't carry out that multiplication or division,
since the result is out of range.

../gotham-example/section-MyPackages.tex:120: Arithmetic overflow.
\calc@next@digit ... \multiply \calc@numerator 10 
                                                  \calc@Acount \calc@numerat...
l.120 	\begin{frame}[fragile]{
                              Video using animate}
I can't carry out that multiplication or division,
since the result is out of range.

../gotham-example/section-MyPackages.tex:120: Arithmetic overflow.
<recently read> \calc@denominator 
                                  
l.120 	\begin{frame}[fragile]{
                              Video using animate}
I can't carry out that multiplication or division,
since the result is out of range.

../gotham-example/section-MyPackages.tex:120: Dimension too large.
<recently read> \calc@B 
                        
l.120 	\begin{frame}[fragile]{
                              Video using animate}
I can't work with sizes bigger than about 19 feet.
Continue and I'll use the largest value I can.


Overfull \hbox (15928.7559pt too wide) in paragraph at lines 120--120
[][]  
 []

\openout4 = `Demo_Inria_light169.vrb'.

../gotham-example/section-MyPackages.tex:178: Arithmetic overflow.
<recently read> \calc@denominator 
                                  
l.178 	\end{frame}
                  
I can't carry out that multiplication or division,
since the result is out of range.

../gotham-example/section-MyPackages.tex:178: Arithmetic overflow.
<recently read> \calc@denominator 
                                  
l.178 	\end{frame}
                  
I can't carry out that multiplication or division,
since the result is out of range.

../gotham-example/section-MyPackages.tex:178: Arithmetic overflow.
<recently read> \calc@denominator 
                                  
l.178 	\end{frame}
                  
I can't carry out that multiplication or division,
since the result is out of range.

../gotham-example/section-MyPackages.tex:178: Arithmetic overflow.
<recently read> \calc@denominator 
                                  
l.178 	\end{frame}
                  
I can't carry out that multiplication or division,
since the result is out of range.

../gotham-example/section-MyPackages.tex:178: Arithmetic overflow.
\calc@next@digit ... \multiply \calc@numerator 10 
                                                  \calc@Acount \calc@numerat...
l.178 	\end{frame}
                  
I can't carry out that multiplication or division,
since the result is out of range.

../gotham-example/section-MyPackages.tex:178: Arithmetic overflow.
<recently read> \calc@denominator 
                                  
l.178 	\end{frame}
                  
I can't carry out that multiplication or division,
since the result is out of range.

../gotham-example/section-MyPackages.tex:178: Arithmetic overflow.
\calc@next@digit ... \multiply \calc@numerator 10 
                                                  \calc@Acount \calc@numerat...
l.178 	\end{frame}
                  
I can't carry out that multiplication or division,
since the result is out of range.

../gotham-example/section-MyPackages.tex:178: Arithmetic overflow.
<recently read> \calc@denominator 
                                  
l.178 	\end{frame}
                  
I can't carry out that multiplication or division,
since the result is out of range.

../gotham-example/section-MyPackages.tex:178: Arithmetic overflow.
\calc@next@digit ... \multiply \calc@numerator 10 
                                                  \calc@Acount \calc@numerat...
l.178 	\end{frame}
                  
I can't carry out that multiplication or division,
since the result is out of range.

../gotham-example/section-MyPackages.tex:178: Arithmetic overflow.
<recently read> \calc@denominator 
                                  
l.178 	\end{frame}
                  
I can't carry out that multiplication or division,
since the result is out of range.

../gotham-example/section-MyPackages.tex:178: Dimension too large.
<recently read> \calc@B 
                        
l.178 	\end{frame}
                  
I can't work with sizes bigger than about 19 feet.
Continue and I'll use the largest value I can.


Overfull \hbox (15928.7559pt too wide) in paragraph at lines 178--178
[][]  
 []

(/home/hamid/Stage_Inria_dynamique/out/Demo_Inria_light169.vrb
Overfull \hbox (4.31133pt too wide) in paragraph at lines 11--11
[]    \T1/lmtt/m/n/10 {<frame rate>}}{Img/Image_}{0}{99}[] 
 []


Overfull \hbox (14.8113pt too wide) in paragraph at lines 21--21
[]    \T1/lmtt/m/n/10 \begin{animateinline}[<opt>]{<rate>}[] 
 []

<a0,fr0> <a0,fr1> <a0,fr2> <a0,fr3> <a0,fr4> <a0,fr5> <a0,fr6> <a0,fr7>
<a0,fr8> <a0,fr9> <a0,fr10> <a0,fr11> <a0,fr12> <a0,fr13> <a0,fr14> <a0,fr15>
<a0,fr16> <a0,fr17> <a0,fr18> <a0,fr19> <a0,fr20>)
Overfull \vbox (14.69539pt too high) detected at line 178
 []



File: ../../sources//UGE/logos/UGE-logo.pdf Graphic file (type pdf)
<use ../../sources//UGE/logos/UGE-logo.pdf>
Package pdftex.def Info: ../../sources//UGE/logos/UGE-logo.pdf  used on input l
ine 178.
(pdftex.def)             Requested size: 67.65875pt x 14.22636pt.
../gotham-example/section-MyPackages.tex:178: Arithmetic overflow.
<recently read> \calc@denominator 
                                  
l.178 	\end{frame}
                  
I can't carry out that multiplication or division,
since the result is out of range.

../gotham-example/section-MyPackages.tex:178: Arithmetic overflow.
<recently read> \calc@denominator 
                                  
l.178 	\end{frame}
                  
I can't carry out that multiplication or division,
since the result is out of range.

../gotham-example/section-MyPackages.tex:178: Arithmetic overflow.
<recently read> \calc@denominator 
                                  
l.178 	\end{frame}
                  
I can't carry out that multiplication or division,
since the result is out of range.

../gotham-example/section-MyPackages.tex:178: Arithmetic overflow.
<recently read> \calc@denominator 
                                  
l.178 	\end{frame}
                  
I can't carry out that multiplication or division,
since the result is out of range.

../gotham-example/section-MyPackages.tex:178: Arithmetic overflow.
\calc@next@digit ... \multiply \calc@numerator 10 
                                                  \calc@Acount \calc@numerat...
l.178 	\end{frame}
                  
I can't carry out that multiplication or division,
since the result is out of range.

../gotham-example/section-MyPackages.tex:178: Arithmetic overflow.
<recently read> \calc@denominator 
                                  
l.178 	\end{frame}
                  
I can't carry out that multiplication or division,
since the result is out of range.

../gotham-example/section-MyPackages.tex:178: Arithmetic overflow.
\calc@next@digit ... \multiply \calc@numerator 10 
                                                  \calc@Acount \calc@numerat...
l.178 	\end{frame}
                  
I can't carry out that multiplication or division,
since the result is out of range.

../gotham-example/section-MyPackages.tex:178: Arithmetic overflow.
<recently read> \calc@denominator 
                                  
l.178 	\end{frame}
                  
I can't carry out that multiplication or division,
since the result is out of range.

../gotham-example/section-MyPackages.tex:178: Arithmetic overflow.
\calc@next@digit ... \multiply \calc@numerator 10 
                                                  \calc@Acount \calc@numerat...
l.178 	\end{frame}
                  
I can't carry out that multiplication or division,
since the result is out of range.

../gotham-example/section-MyPackages.tex:178: Arithmetic overflow.
<recently read> \calc@denominator 
                                  
l.178 	\end{frame}
                  
I can't carry out that multiplication or division,
since the result is out of range.

../gotham-example/section-MyPackages.tex:178: Dimension too large.
<recently read> \calc@B 
                        
l.178 	\end{frame}
                  
I can't work with sizes bigger than about 19 feet.
Continue and I'll use the largest value I can.


Overfull \hbox (15928.7559pt too wide) has occurred while \output is active
[][]  
 []

[79

])
\tf@nav=\write8
\openout8 = `Demo_Inria_light169.nav'.

\tf@toc=\write9
\openout9 = `Demo_Inria_light169.toc'.

\tf@snm=\write10
\openout10 = `Demo_Inria_light169.snm'.


No complaints by nag.
[80] (/home/hamid/Stage_Inria_dynamique/out/Demo_Inria_light169.aux)
 ***********
LaTeX2e <2024-06-01> patch level 2
L3 programming layer <2024-05-27>
 ***********


LaTeX Font Warning: Size substitutions with differences
(Font)              up to 3.0pt have occurred.


LaTeX Font Warning: Some font shapes were not available, defaults substituted.


LaTeX Warning: There were undefined references.


LaTeX Warning: Label(s) may have changed. Rerun to get cross-references right.


LaTeX Warning: Temporary extra page added at the end. Rerun to get it removed.


Package rerunfilecheck Warning: File `Demo_Inria_light169.out' has changed.
(rerunfilecheck)                Rerun to get outlines right
(rerunfilecheck)                or use package `bookmark'.

Package rerunfilecheck Info: Checksums for `Demo_Inria_light169.out':
(rerunfilecheck)             Before: <no file>
(rerunfilecheck)             After:  DB00AE5CC9B811303BAC30244E0EFCD5;1294.

Package biblatex Warning: Please (re)run Biber on the file:
(biblatex)                Demo_Inria_light169
(biblatex)                and rerun LaTeX afterwards.

Package logreq Info: Writing requests to 'Demo_Inria_light169.run.xml'.
\openout1 = `Demo_Inria_light169.run.xml'.

 ) 
Here is how much of TeX's memory you used:
 73681 strings out of 473584
 1728545 string characters out of 5730879
 2710105 words of memory out of 5000000
 94944 multiletter control sequences out of 15000+600000
 718886 words of font info for 247 fonts, out of 8000000 for 9000
 1145 hyphenation exceptions out of 8191
 128i,18n,123p,5729b,2676s stack positions out of 10000i,1000n,20000p,200000b,200000s
</usr/share/texlive/texmf-dist/fonts/type1/public/ccicons/ccicons.pfb></usr/s
hare/texmf/fonts/type1/public/lm/lmcsc10.pfb></usr/share/texmf/fonts/type1/publ
ic/lm/lmex10.pfb></usr/share/texmf/fonts/type1/public/lm/lmmi10.pfb></usr/share
/texmf/fonts/type1/public/lm/lmmi7.pfb></usr/share/texmf/fonts/type1/public/lm/
lmr10.pfb></usr/share/texmf/fonts/type1/public/lm/lmss10.pfb></usr/share/texmf/
fonts/type1/public/lm/lmss12.pfb></usr/share/texmf/fonts/type1/public/lm/lmss17
.pfb></usr/share/texmf/fonts/type1/public/lm/lmss8.pfb></usr/share/texmf/fonts/
type1/public/lm/lmss9.pfb></usr/share/texmf/fonts/type1/public/lm/lmssbo10.pfb>
</usr/share/texmf/fonts/type1/public/lm/lmssbx10.pfb></usr/share/texmf/fonts/ty
pe1/public/lm/lmsso10.pfb></usr/share/texmf/fonts/type1/public/lm/lmsso8.pfb></
usr/share/texmf/fonts/type1/public/lm/lmsy10.pfb></usr/share/texmf/fonts/type1/
public/lm/lmsy7.pfb></usr/share/texmf/fonts/type1/public/lm/lmtk10.pfb></usr/sh
are/texmf/fonts/type1/public/lm/lmtko10.pfb></usr/share/texmf/fonts/type1/publi
c/lm/lmtt10.pfb></usr/share/texmf/fonts/type1/public/lm/lmtt12.pfb></usr/share/
texmf/fonts/type1/public/lm/lmtt9.pfb></usr/share/texmf/fonts/type1/public/lm/l
mtti10.pfb></usr/share/texlive/texmf-dist/fonts/type1/public/amsfonts/symbols/m
sam5.pfb></usr/share/texlive/texmf-dist/fonts/type1/public/amsfonts/symbols/msa
m7.pfb>
Output written on /home/hamid/Stage_Inria_dynamique/out/Demo_Inria_light169.pdf
 (80 pages, 793331 bytes).
PDF statistics:
 985 PDF objects out of 1000 (max. 8388607)
 706 compressed objects within 8 object streams
 178 named destinations out of 1000 (max. 500000)
 102159 words of extra memory for PDF output out of 106986 (max. 10000000)

